Customer_ID,Gender,Age,Married,State,Number_of_Referrals,Tenure_in_Months,Value_Deal,Phone_Service,Multiple_Lines,Internet_Service,Internet_Type,Online_Security,Online_Backup,Device_Protection_Plan,Premium_Support,Streaming_TV,Streaming_Movies,Streaming_Music,Unlimited_Data,Contract,Paperless_Billing,Payment_Method,Monthly_Charge,Total_Charges,Total_Refunds,Total_Extra_Data_Charges,Total_Long_Distance_Charges,Total_Revenue,Customer_Status,Churn_Category,Churn_Reason
72357-WAS,Female,53,No,Washington,14,12,Deal 5,Yes,No,Yes,DSL,No,No,No,No,No,No,No,Yes,Month-to-Month,Yes,Credit Card,44.29999924,44.29999924,0,0,42.95000076,87.25,Joined,Others,Others
82129-ILL,Female,26,No,Illinois,9,8,Deal 5,Yes,No,Yes,DSL,No,Yes,No,No,Yes,No,No,Yes,Month-to-Month,Yes,Credit Card,58.70000076,168.6000061,0,0,34.40999985,203.0099945,Joined,Others,Others
24754-NEB,Female,63,Yes,Nebraska,0,28,None,Yes,No,Yes,Fiber Optic,No,No,No,No,No,No,No,Yes,Month-to-Month,Yes,Bank Withdrawal,69.55000305,200.1999969,33.79999924,0,5.010000229,171.4100037,Joined,Others,Others
62497-MAS,Female,20,No,Massachusetts,0,2,Deal 5,Yes,No,No,None,No,No,No,No,No,No,No,No,Month-to-Month,Yes,Credit Card,20.75,67.09999847,0,0,49.16999817,116.2699966,Joined,Others,Others
62535-KAN,Male,42,No,Kansas,8,22,Deal 5,Yes,No,Yes,Cable,No,No,No,Yes,Yes,Yes,Yes,Yes,Month-to-Month,No,Credit Card,70.69999695,225.6499939,0,0,75.12000275,300.769989,Joined,Others,Others
98788-FLO,Male,58,Yes,Florida,4,16,Deal 5,Yes,No,No,None,No,No,No,No,No,No,No,No,Month-to-Month,Yes,Mailed Check,20.04999924,39.25,0,0,13.69999981,52.95000076,Joined,Others,Others
22137-MAI,Female,51,No,Maine,4,28,None,Yes,No,No,None,No,No,No,No,No,No,No,No,One Year,No,Credit Card,19.85000038,19.85000038,0,0,47.45999908,67.30999756,Joined,Others,Others
44709-VER,Female,72,Yes,Vermont,7,17,None,No,No,Yes,DSL,No,Yes,No,No,No,No,No,Yes,Month-to-Month,Yes,Bank Withdrawal,30.75,82.84999847,0,0,0,82.84999847,Joined,Others,Others
78918-ALA,Female,59,No,Alabama,12,11,Deal 5,Yes,No,Yes,Fiber Optic,Yes,No,No,No,No,Yes,Yes,Yes,Month-to-Month,Yes,Credit Card,86.05000305,244.8500061,0,0,54.77999878,299.6300049,Joined,Others,Others
99515-VIR,Male,34,No,Virginia,11,11,None,Yes,Yes,Yes,Cable,No,No,No,Yes,Yes,No,No,Yes,Month-to-Month,Yes,Credit Card,65.25,209.8999939,0,0,128.0399933,337.9400024,Joined,Others,Others
26902-MON,Male,52,Yes,Montana,7,2,None,Yes,No,Yes,Fiber Optic,No,No,No,Yes,Yes,Yes,Yes,Yes,Month-to-Month,Yes,Bank Withdrawal,95.84999847,95.84999847,0,0,2.700000048,98.55000305,Joined,Others,Others
97497-NOR,Male,24,Yes,North Dakota,9,8,Deal 5,Yes,No,Yes,DSL,No,Yes,No,No,No,No,No,Yes,Month-to-Month,Yes,Bank Withdrawal,49.90000153,49.90000153,0,0,6.349999905,56.25,Joined,Others,Others
28317-TEX,Female,29,Yes,Texas,14,6,None,Yes,No,No,None,No,No,No,No,No,No,No,No,Two Year,No,Mailed Check,19.10000038,52,0,0,135.9900055,187.9900055,Joined,Others,Others
16931-ALA,Female,39,Yes,Alaska,8,23,Deal 5,Yes,No,No,None,No,No,No,No,No,No,No,No,Month-to-Month,Yes,Credit Card,19.29999924,19.29999924,0,0,8.659999847,27.95999908,Joined,Others,Others
74518-NEW,Female,27,No,New Hampshire,13,13,Deal 5,Yes,No,Yes,DSL,No,No,No,No,No,No,No,Yes,Month-to-Month,No,Bank Withdrawal,44.45000076,82.69999695,0,0,37.40000153,120.0999985,Joined,Others,Others
34319-NEW,Male,40,Yes,New York,12,25,Deal 5,Yes,No,Yes,DSL,No,Yes,No,No,No,No,No,Yes,Month-to-Month,Yes,Credit Card,50.15000153,50.15000153,0,0,20.29999924,70.44999695,Joined,Others,Others
73044-MIC,Male,23,Yes,Michigan,15,5,None,Yes,No,Yes,Fiber Optic,No,Yes,No,No,No,No,No,Yes,Month-to-Month,No,Credit Card,74.59999847,74.59999847,0,0,42.99000168,117.5899963,Joined,Others,Others
19539-WAS,Female,37,Yes,Washington,14,8,Deal 5,Yes,No,Yes,DSL,No,No,No,No,No,No,No,Yes,Month-to-Month,Yes,Credit Card,45.40000153,45.40000153,0,0,49.33000183,94.73000336,Joined,Others,Others
23256-LOU,Female,32,Yes,Louisiana,10,31,Deal 5,Yes,No,No,None,No,No,No,No,No,No,No,No,Month-to-Month,No,Bank Withdrawal,19.85000038,52,0,0,72.09999847,124.0999985,Joined,Others,Others
66164-SOU,Female,62,No,South Carolina,13,20,None,Yes,No,No,None,No,No,No,No,No,No,No,No,Month-to-Month,No,Credit Card,19.39999962,61.04999924,0,0,13.30000019,74.34999847,Joined,Others,Others
56554-MON,Female,29,Yes,Montana,0,11,Deal 5,Yes,No,No,None,No,No,No,No,No,No,No,No,Month-to-Month,Yes,Credit Card,19.75,19.75,0,0,10.22000027,29.96999931,Joined,Others,Others
86362-NEW,Female,35,Yes,New York,15,11,None,Yes,No,Yes,Fiber Optic,No,No,No,Yes,No,No,No,Yes,Month-to-Month,Yes,Mailed Check,74.30000305,74.30000305,0,0,39.54999924,113.8499985,Joined,Others,Others
93520-NEW,Female,67,No,New Hampshire,13,19,Deal 5,Yes,Yes,Yes,Fiber Optic,No,No,No,No,No,No,No,Yes,One Year,Yes,Bank Withdrawal,72.09999847,72.09999847,0,0,7.769999981,79.87000275,Joined,Others,Others
57256-RHO,Female,18,No,Rhode Island,9,7,None,Yes,No,No,None,No,No,No,No,No,No,No,No,Month-to-Month,No,Credit Card,19.85000038,57.20000076,0,0,9.359999657,66.55999756,Joined,Others,Others
79168-OKL,Female,78,No,Oklahoma,2,10,Deal 5,Yes,No,Yes,Cable,No,No,No,No,No,No,No,Yes,One Year,Yes,Bank Withdrawal,44.29999924,89.30000305,0,0,47.81999969,137.1199951,Joined,Others,Others
66712-MAI,Female,47,Yes,Maine,6,33,Deal 5,Yes,No,Yes,Fiber Optic,No,Yes,No,No,No,Yes,Yes,Yes,Month-to-Month,No,Bank Withdrawal,84.30000305,235.0500031,0,0,41.15999985,276.2099915,Joined,Others,Others
53815-VIR,Female,36,No,Virginia,2,4,None,Yes,No,No,None,No,No,No,No,No,No,No,No,Month-to-Month,No,Credit Card,19.70000076,19.70000076,0,0,34.27999878,53.97999954,Joined,Others,Others
34110-MIS,Female,20,Yes,Missouri,6,3,None,Yes,Yes,Yes,Cable,No,No,No,No,No,No,No,Yes,Month-to-Month,Yes,Bank Withdrawal,50.09999847,50.09999847,0,0,29.12999916,79.23000336,Joined,Others,Others
12056-MAS,Male,27,No,Massachusetts,2,20,None,Yes,No,Yes,Fiber Optic,No,Yes,Yes,No,No,Yes,Yes,Yes,Month-to-Month,No,Bank Withdrawal,90.40000153,268.4500122,0,0,94.44000244,362.8900146,Joined,Others,Others
21288-ALA,Female,63,No,Alaska,12,34,None,Yes,Yes,Yes,DSL,No,No,No,No,Yes,No,No,No,Month-to-Month,Yes,Bank Withdrawal,60.25,170.5,0,70,60.29999924,300.7999878,Joined,Others,Others
83994-MAI,Male,48,Yes,Maine,8,24,None,Yes,No,Yes,Fiber Optic,No,No,No,No,Yes,Yes,Yes,Yes,Month-to-Month,No,Credit Card,90.69999695,237.6499939,0,0,16.17000008,253.8200073,Joined,Others,Others
26500-PEN,Female,62,Yes,Pennsylvania,3,19,Deal 5,Yes,No,Yes,Cable,Yes,No,No,No,No,Yes,Yes,Yes,Month-to-Month,Yes,Mailed Check,62.15000153,113.0999985,0,0,96.77999878,209.8800049,Joined,Others,Others
31601-NEB,Female,31,Yes,Nebraska,2,10,None,Yes,No,No,None,No,No,No,No,No,No,No,No,Month-to-Month,No,Credit Card,19.64999962,19.64999962,0,0,42.41999817,62.06999969,Joined,Others,Others
74651-NOR,Female,30,Yes,North Carolina,7,23,None,No,No,Yes,DSL,No,Yes,No,No,No,No,No,Yes,Month-to-Month,No,Credit Card,29.20000076,98.5,0,0,0,98.5,Joined,Others,Others
42358-CON,Female,53,No,Connecticut,9,35,None,Yes,No,Yes,DSL,No,No,No,No,Yes,No,No,Yes,Month-to-Month,Yes,Bank Withdrawal,54.20000076,140.3999939,0,0,124.1399994,264.5400085,Joined,Others,Others
27880-ARK,Male,48,No,Arkansas,14,21,None,Yes,Yes,No,None,No,No,No,No,No,No,No,No,Two Year,Yes,Credit Card,26.39999962,121.25,0,0,101.6100006,222.8600006,Joined,Others,Others
24990-IDA,Female,36,No,Idaho,8,24,None,Yes,No,Yes,Fiber Optic,No,No,No,No,No,No,No,Yes,Month-to-Month,Yes,Bank Withdrawal,71.65000153,135.75,0,0,58.06000137,193.8099976,Joined,Others,Others
17796-WAS,Female,65,No,Washington,5,1,None,Yes,No,Yes,Cable,Yes,No,No,No,No,No,No,Yes,Month-to-Month,Yes,Bank Withdrawal,48.45000076,48.45000076,0,0,16.42000008,64.87000275,Joined,Others,Others
21956-UTA,Female,59,Yes,Utah,10,8,None,Yes,No,Yes,Fiber Optic,Yes,No,No,Yes,No,No,No,No,Month-to-Month,Yes,Credit Card,82.30000305,214.3999939,0,20,134.9100037,369.3099976,Joined,Others,Others
45978-KAN,Female,38,Yes,Kansas,2,19,None,Yes,No,No,None,No,No,No,No,No,No,No,No,Month-to-Month,No,Credit Card,20.75,44.20000076,0,0,55.34000015,99.54000092,Joined,Others,Others
91835-MAR,Male,21,Yes,Maryland,12,5,None,Yes,No,Yes,Cable,No,No,Yes,Yes,Yes,Yes,Yes,Yes,Month-to-Month,Yes,Bank Withdrawal,75.5,75.5,0,0,5.630000114,81.12999725,Joined,Others,Others
48018-CAL,Male,39,No,California,1,14,None,Yes,No,No,None,No,No,No,No,No,No,No,No,Month-to-Month,No,Credit Card,19.54999924,19.54999924,0,0,30.62999916,50.18000031,Joined,Others,Others
27856-ARK,Female,33,Yes,Arkansas,1,32,Deal 5,Yes,No,No,None,No,No,No,No,No,No,No,No,Month-to-Month,Yes,Bank Withdrawal,19.25,19.25,0,0,9.43999958,28.69000053,Joined,Others,Others
26567-UTA,Female,67,Yes,Utah,1,35,None,Yes,No,No,None,No,No,No,No,No,No,No,No,Two Year,No,Credit Card,20.35000038,20.35000038,0,0,30.09000015,50.43999863,Joined,Others,Others
64327-UTA,Female,59,Yes,Utah,8,9,None,Yes,No,No,None,No,No,No,No,No,No,No,No,Month-to-Month,Yes,Credit Card,20.64999962,20.64999962,0,0,35.24000168,55.88999939,Joined,Others,Others
77688-MON,Male,35,No,Montana,4,13,None,Yes,No,Yes,DSL,No,No,No,Yes,No,No,No,Yes,Month-to-Month,No,Credit Card,49,49,0,0,49.18999863,98.19000244,Joined,Others,Others
53612-TEX,Female,39,Yes,Texas,8,34,None,Yes,No,No,None,No,No,No,No,No,No,No,No,Month-to-Month,No,Credit Card,20.85000038,72,0,0,35.31000137,107.3099976,Joined,Others,Others
12490-TEN,Female,52,No,Tennessee,9,6,None,Yes,No,Yes,Fiber Optic,No,No,Yes,No,No,No,No,Yes,Month-to-Month,Yes,Mailed Check,74.75,238.1000061,38.84000015,0,37.5,236.7599945,Joined,Others,Others
34024-NEB,Female,45,Yes,Nebraska,4,21,None,Yes,No,No,None,No,No,No,No,No,No,No,No,Month-to-Month,No,Credit Card,20.04999924,20.04999924,0,0,7.659999847,27.70999908,Joined,Others,Others
13666-ARI,Male,57,Yes,Arizona,15,16,None,Yes,No,Yes,Fiber Optic,No,Yes,No,No,Yes,Yes,Yes,Yes,Month-to-Month,No,Bank Withdrawal,95.40000153,293.1499939,0,0,51.02999878,344.1799927,Joined,Others,Others
48307-VER,Female,56,No,Vermont,4,15,Deal 5,Yes,No,Yes,Cable,No,No,Yes,No,Yes,Yes,Yes,No,One Year,Yes,Bank Withdrawal,69.94999695,220.4499969,0,30,88.52999878,338.980011,Joined,Others,Others
48051-NOR,Female,49,Yes,North Dakota,0,36,None,No,No,Yes,DSL,No,No,No,No,No,No,No,Yes,One Year,No,Credit Card,25.85000038,25.85000038,0,0,0,25.85000038,Joined,Others,Others
19811-IND,Female,35,Yes,Indiana,10,7,Deal 5,Yes,No,Yes,Fiber Optic,Yes,Yes,No,No,Yes,No,No,Yes,Month-to-Month,No,Bank Withdrawal,89.84999847,248.3999939,0,0,99.90000153,348.2999878,Joined,Others,Others
82473-RHO,Male,63,Yes,Rhode Island,10,1,Deal 5,No,No,Yes,DSL,No,Yes,No,No,No,No,No,Yes,Month-to-Month,No,Credit Card,29.79999924,94.40000153,0,0,0,94.40000153,Joined,Others,Others
79777-NEV,Male,77,Yes,Nevada,13,33,None,Yes,Yes,Yes,Fiber Optic,No,No,No,No,No,No,No,Yes,Month-to-Month,Yes,Mailed Check,72.59999847,154.3000031,0,0,30.37999916,184.6799927,Joined,Others,Others
95822-TEX,Male,34,Yes,Texas,3,26,None,Yes,No,No,None,No,No,No,No,No,No,No,No,Month-to-Month,Yes,Credit Card,19.20000076,19.20000076,0,0,17.88999939,37.09000015,Joined,Others,Others
97828-RHO,Female,57,No,Rhode Island,0,12,Deal 5,Yes,No,Yes,Fiber Optic,No,No,No,No,Yes,Yes,Yes,Yes,Month-to-Month,Yes,Bank Withdrawal,92,266.7999878,0,0,46.79999924,313.6000061,Joined,Others,Others
73547-VIR,Female,43,Yes,Virginia,13,16,None,Yes,Yes,Yes,Fiber Optic,No,No,No,No,Yes,No,No,Yes,Month-to-Month,Yes,Bank Withdrawal,84.05000305,134.0500031,0,0,44.45999908,178.5099945,Joined,Others,Others
93521-MIS,Female,55,No,Missouri,6,35,None,Yes,No,Yes,DSL,No,No,No,Yes,No,No,No,No,Month-to-Month,Yes,Bank Withdrawal,-1,49.29999924,0,10,14.97000027,74.26999664,Joined,Others,Others
56460-MIN,Male,38,Yes,Minnesota,12,23,Deal 5,Yes,No,Yes,Fiber Optic,No,No,No,No,No,No,No,No,Month-to-Month,No,Credit Card,-1,129.1999969,0,10,5.440000057,144.6399994,Joined,Others,Others
94305-VIR,Male,49,Yes,Virginia,5,18,Deal 5,Yes,No,No,None,No,No,No,No,No,No,No,No,Month-to-Month,No,Bank Withdrawal,19.75,19.75,0,0,5.320000172,25.06999969,Joined,Others,Others
94978-ALA,Female,36,No,Alabama,2,8,None,Yes,No,No,None,No,No,No,No,No,No,No,No,One Year,Yes,Credit Card,19.45000076,69.25,0,0,8.340000153,77.58999634,Joined,Others,Others
38748-MIN,Female,22,Yes,Minnesota,13,6,None,Yes,No,No,None,No,No,No,No,No,No,No,No,Month-to-Month,No,Bank Withdrawal,19.64999962,19.64999962,0,0,27.87999916,47.52999878,Joined,Others,Others
32063-MIN,Female,63,Yes,Minnesota,6,31,Deal 5,Yes,No,No,None,No,No,No,No,No,No,No,No,Month-to-Month,Yes,Credit Card,19,19,0,0,28.28000069,47.27999878,Joined,Others,Others
84843-MAI,Female,57,Yes,Maine,11,8,None,Yes,Yes,Yes,Fiber Optic,No,No,No,No,No,No,No,Yes,Month-to-Month,Yes,Bank Withdrawal,75.09999847,75.09999847,0,0,4.53000021,79.62999725,Joined,Others,Others
43920-IDA,Female,38,No,Idaho,9,3,Deal 5,Yes,No,Yes,Cable,Yes,No,No,No,No,No,No,Yes,Month-to-Month,No,Credit Card,49.90000153,49.90000153,0,0,9,58.90000153,Joined,Others,Others
83486-CAL,Male,34,No,California,5,4,Deal 5,Yes,No,Yes,Fiber Optic,No,No,Yes,No,No,No,No,Yes,Month-to-Month,No,Credit Card,75.34999847,75.34999847,0,0,38.88999939,114.2399979,Joined,Others,Others
38663-GEO,Male,42,No,Georgia,7,15,Deal 5,Yes,No,No,None,No,No,No,No,No,No,No,No,Month-to-Month,No,Credit Card,20.29999924,40.25,0,0,14.53999996,54.79000092,Joined,Others,Others
44655-NEW,Male,41,Yes,New Jersey,0,25,None,Yes,No,Yes,DSL,No,No,No,Yes,No,No,No,Yes,Month-to-Month,Yes,Mailed Check,50.5,147.75,0,0,79.13999939,226.8899994,Joined,Others,Others
11751-VER,Female,18,No,Vermont,5,7,Deal 5,No,No,Yes,DSL,No,No,No,No,No,No,No,Yes,Month-to-Month,No,Mailed Check,24.29999924,38.45000076,0,0,0,38.45000076,Joined,Others,Others
72469-LOU,Male,56,No,Louisiana,9,9,None,Yes,No,Yes,Cable,Yes,No,Yes,No,No,No,No,Yes,Month-to-Month,No,Credit Card,55.70000076,55.70000076,0,0,17.68000031,73.37999725,Joined,Others,Others
46792-VIR,Female,59,Yes,Virginia,6,25,Deal 5,No,No,Yes,DSL,No,No,Yes,Yes,No,No,No,Yes,Month-to-Month,No,Credit Card,35.90000153,35.90000153,0,0,0,35.90000153,Joined,Others,Others
98301-HAW,Male,28,Yes,Hawaii,4,27,None,Yes,No,Yes,Cable,Yes,No,Yes,No,No,No,No,Yes,Month-to-Month,No,Bank Withdrawal,53.45000076,119.5,0,0,25.18000031,144.6799927,Joined,Others,Others
84613-ORE,Female,30,No,Oregon,8,22,Deal 5,Yes,Yes,Yes,Fiber Optic,No,Yes,No,No,No,No,No,No,Month-to-Month,Yes,Credit Card,79.15000153,79.15000153,0,60,18,157.1499939,Joined,Others,Others
66612-IDA,Female,58,Yes,Idaho,11,18,None,Yes,No,No,None,No,No,No,No,No,No,No,No,Month-to-Month,No,Credit Card,19.95000076,58,0,0,8.069999695,66.06999969,Joined,Others,Others
22119-VIR,Male,31,Yes,Virginia,5,5,None,Yes,No,No,None,No,No,No,No,No,No,No,No,Month-to-Month,No,Credit Card,20.04999924,33.70000076,0,0,3.619999886,37.31999969,Joined,Others,Others
39764-WES,Female,39,Yes,West Virginia,5,14,None,Yes,No,No,None,No,No,No,No,No,No,No,No,Month-to-Month,No,Credit Card,19.35000038,46.34999847,0,0,88.68000031,135.0299988,Joined,Others,Others
29626-MAI,Male,67,No,Maine,10,22,Deal 5,Yes,No,Yes,DSL,Yes,No,No,No,No,No,No,No,Month-to-Month,No,Bank Withdrawal,50.15000153,50.15000153,0,50,38.33000183,138.4799957,Joined,Others,Others
47133-ORE,Female,60,Yes,Oregon,15,8,None,Yes,No,Yes,Cable,No,No,No,No,No,No,No,Yes,Month-to-Month,No,Bank Withdrawal,44.59999847,122.6999969,0,0,46.77000046,169.4700012,Joined,Others,Others
62842-NEB,Male,33,Yes,Nebraska,11,25,None,Yes,No,No,None,No,No,No,No,No,No,No,No,Month-to-Month,No,Credit Card,19.29999924,44.40000153,0,0,99.81999969,144.2200012,Joined,Others,Others
92198-VIR,Female,44,Yes,Virginia,8,15,Deal 5,Yes,No,No,None,No,No,No,No,No,No,No,No,Month-to-Month,Yes,Credit Card,20.25,20.25,0,0,28.18000031,48.43000031,Joined,Others,Others
79905-COL,Female,24,No,Colorado,0,12,None,Yes,No,No,None,No,No,No,No,No,No,No,No,Month-to-Month,No,Credit Card,20.45000076,20.45000076,0,0,30.09000015,50.54000092,Joined,Others,Others
71509-MAR,Female,40,No,Maryland,3,27,None,Yes,No,Yes,DSL,No,No,No,No,Yes,No,No,Yes,Month-to-Month,Yes,Bank Withdrawal,54.65000153,54.65000153,0,0,36.33000183,90.98000336,Joined,Others,Others
71564-WIS,Female,48,No,Wisconsin,6,5,None,Yes,No,No,None,No,No,No,No,No,No,No,No,Month-to-Month,No,Credit Card,19.04999924,19.04999924,0,0,5.019999981,24.06999969,Joined,Others,Others
27465-ARK,Female,50,No,Arkansas,10,30,None,Yes,No,No,None,No,No,No,No,No,No,No,No,Month-to-Month,No,Credit Card,19.85000038,19.85000038,0,0,16.46999931,36.31999969,Joined,Others,Others
54195-NEW,Female,61,Yes,New Jersey,11,23,None,Yes,No,No,None,No,No,No,No,No,No,No,No,Month-to-Month,No,Bank Withdrawal,19.75,19.75,0,0,37.61999893,57.36999893,Joined,Others,Others
94609-ARK,Female,45,No,Arkansas,1,11,None,Yes,No,No,None,No,No,No,No,No,No,No,No,Month-to-Month,No,Credit Card,19.64999962,60.65000153,0,0,91.01999664,151.6699982,Joined,Others,Others
48939-UTA,Female,38,Yes,Utah,1,6,None,Yes,No,Yes,DSL,No,Yes,No,No,No,No,No,Yes,Month-to-Month,No,Bank Withdrawal,49.95000076,49.95000076,0,0,44.97999954,94.93000031,Joined,Others,Others
67882-NEB,Female,44,No,Nebraska,3,16,Deal 5,Yes,No,Yes,DSL,No,No,No,No,No,No,No,Yes,Month-to-Month,No,Bank Withdrawal,43.79999924,43.79999924,0,0,37.5,81.30000305,Joined,Others,Others
66868-MIC,Female,25,Yes,Michigan,13,10,None,Yes,No,Yes,Fiber Optic,No,No,No,No,No,No,No,No,Month-to-Month,Yes,Bank Withdrawal,70.25,70.25,0,10,10.05000019,90.30000305,Joined,Others,Others
33776-TEN,Male,32,Yes,Tennessee,6,10,None,Yes,No,No,None,No,No,No,No,No,No,No,No,Month-to-Month,No,Credit Card,19.20000076,19.20000076,0,0,35.88000107,55.08000183,Joined,Others,Others
45213-CAL,Female,25,Yes,California,15,5,Deal 5,Yes,No,Yes,Cable,Yes,No,No,No,No,Yes,Yes,Yes,Month-to-Month,Yes,Credit Card,61.20000076,125.9499969,0,0,64.12000275,190.0700073,Joined,Others,Others
21165-IND,Female,38,No,Indiana,2,32,Deal 5,Yes,No,No,None,No,No,No,No,No,No,No,No,Month-to-Month,No,Credit Card,19.95000076,38.15000153,0,0,69.13999939,107.2900009,Joined,Others,Others
83113-WYO,Male,35,No,Wyoming,8,30,None,No,No,Yes,DSL,No,No,No,Yes,No,No,No,Yes,Month-to-Month,No,Credit Card,29.14999962,29.14999962,0,0,0,29.14999962,Joined,Others,Others
94070-LOU,Female,21,Yes,Louisiana,8,3,None,Yes,No,Yes,Fiber Optic,No,No,No,No,Yes,Yes,Yes,Yes,Month-to-Month,Yes,Bank Withdrawal,90.09999847,90.09999847,0,0,24.32999992,114.4300003,Joined,Others,Others
85031-MIN,Female,60,No,Minnesota,1,4,Deal 5,Yes,No,Yes,DSL,No,No,No,No,No,No,No,Yes,Month-to-Month,No,Bank Withdrawal,44,44,0,0,13.39999962,57.40000153,Joined,Others,Others
84508-MAS,Female,28,Yes,Massachusetts,11,28,None,Yes,No,No,None,No,No,No,No,No,No,No,No,Month-to-Month,No,Credit Card,21.10000038,21.10000038,0,0,18.80999947,39.90999985,Joined,Others,Others
94243-HAW,Female,34,No,Hawaii,5,15,None,Yes,No,No,None,No,No,No,No,No,No,No,No,Month-to-Month,Yes,Credit Card,19.89999962,19.89999962,0,0,7.760000229,27.65999985,Joined,Others,Others
92398-ALA,Male,35,No,Alaska,5,12,Deal 5,Yes,No,No,None,No,No,No,No,No,No,No,No,Month-to-Month,Yes,Credit Card,20,61.70000076,0,0,46.11000061,107.8099976,Joined,Others,Others
46571-KEN,Female,65,Yes,Kentucky,8,33,Deal 5,Yes,Yes,Yes,Fiber Optic,No,No,No,No,No,Yes,No,Yes,Two Year,Yes,Bank Withdrawal,84.05000305,186.0500031,0,0,43.79999924,229.8500061,Joined,Others,Others
15591-GEO,Female,26,No,Georgia,3,31,None,Yes,No,No,None,No,No,No,No,No,No,No,No,Month-to-Month,No,Credit Card,20.39999962,20.39999962,0,0,45.90999985,66.30999756,Joined,Others,Others
19998-ALA,Female,18,No,Alaska,0,2,Deal 5,Yes,No,Yes,Fiber Optic,No,No,Yes,No,No,Yes,Yes,Yes,Month-to-Month,No,Credit Card,85.69999695,256.75,0,0,89.51999664,346.269989,Joined,Others,Others
36483-ALA,Male,42,No,Alaska,2,14,None,Yes,No,No,None,No,No,No,No,No,No,No,No,Month-to-Month,No,Credit Card,19.75,19.75,0,0,15.77000046,35.52000046,Joined,Others,Others
54598-MAR,Male,59,No,Maryland,11,32,None,Yes,No,No,None,No,No,No,No,No,No,No,No,Month-to-Month,No,Credit Card,19.75,39.29999924,0,0,3.940000057,43.24000168,Joined,Others,Others
95991-IDA,Female,37,Yes,Idaho,0,32,None,Yes,No,Yes,Cable,No,No,No,Yes,No,No,No,Yes,Month-to-Month,Yes,Credit Card,50.25,152.3000031,0,0,84.56999969,236.8699951,Joined,Others,Others
56256-NOR,Male,40,No,North Carolina,14,15,None,Yes,No,Yes,Fiber Optic,No,No,No,No,No,No,No,Yes,Month-to-Month,Yes,Credit Card,70.30000305,220.3999939,0,0,29.21999931,249.6199951,Joined,Others,Others
32587-ILL,Female,30,No,Illinois,1,27,None,Yes,No,Yes,Cable,No,No,No,No,No,No,No,Yes,Month-to-Month,No,Credit Card,45.45000076,141.6999969,0,0,61.11000061,202.8099976,Joined,Others,Others
86970-NOR,Male,57,Yes,North Carolina,2,9,None,Yes,No,Yes,DSL,No,Yes,No,No,No,No,No,No,Month-to-Month,No,Bank Withdrawal,49.5,49.5,0,30,16.98999977,96.48999786,Joined,Others,Others
96967-NEW,Female,33,No,New Hampshire,5,8,None,Yes,No,Yes,Fiber Optic,No,No,No,No,Yes,Yes,Yes,Yes,Month-to-Month,Yes,Bank Withdrawal,89.34999847,89.34999847,0,0,5.360000134,94.70999908,Joined,Others,Others
71210-NEW,Female,58,No,New Hampshire,15,28,None,Yes,No,No,None,No,No,No,No,No,No,No,No,Month-to-Month,No,Credit Card,19.85000038,19.85000038,0,0,29.10000038,48.95000076,Joined,Others,Others
87024-MIN,Male,58,No,Minnesota,14,8,Deal 5,Yes,No,Yes,Fiber Optic,No,No,No,No,No,No,No,Yes,Month-to-Month,Yes,Credit Card,71.30000305,157.75,0,0,13.47999954,171.2299957,Joined,Others,Others
47492-MIS,Female,30,Yes,Missouri,15,24,Deal 5,Yes,No,No,None,No,No,No,No,No,No,No,No,Month-to-Month,Yes,Bank Withdrawal,20.14999962,20.14999962,0,0,18.62999916,38.77999878,Joined,Others,Others
44700-PEN,Female,48,No,Pennsylvania,10,19,Deal 5,Yes,Yes,Yes,Fiber Optic,No,No,No,No,Yes,No,No,No,Month-to-Month,Yes,Bank Withdrawal,84.59999847,84.59999847,0,0,7.340000153,91.94000244,Joined,Others,Others
25517-TEX,Female,40,No,Texas,4,10,None,Yes,Yes,Yes,Fiber Optic,No,No,Yes,No,Yes,No,No,No,Month-to-Month,Yes,Bank Withdrawal,91.44999695,171.4499969,0,10,98.81999969,280.269989,Joined,Others,Others
25733-RHO,Female,80,No,Rhode Island,8,33,Deal 5,Yes,No,Yes,Fiber Optic,No,No,Yes,No,Yes,Yes,No,No,One Year,Yes,Credit Card,95.5,181.6499939,0,10,66.19999695,257.8500061,Joined,Others,Others
42574-ORE,Female,25,No,Oregon,5,3,None,Yes,No,No,None,No,No,No,No,No,No,No,No,Month-to-Month,No,Credit Card,19.54999924,19.54999924,0,0,8.229999542,27.78000069,Joined,Others,Others
71261-WES,Female,59,No,West Virginia,2,27,None,Yes,No,Yes,Cable,Yes,Yes,No,Yes,No,Yes,Yes,Yes,Month-to-Month,Yes,Bank Withdrawal,70.44999695,70.44999695,0,0,20.10000038,90.55000305,Joined,Others,Others
14567-ORE,Male,43,No,Oregon,1,9,None,Yes,No,No,None,No,No,No,No,No,No,No,No,Month-to-Month,No,Credit Card,20.35000038,20.35000038,0,0,44.09000015,64.44000244,Joined,Others,Others
66749-IOW,Female,47,No,Iowa,9,5,None,Yes,No,No,None,No,No,No,No,No,No,No,No,Month-to-Month,No,Credit Card,20.75,20.75,0,0,36.27999878,57.02999878,Joined,Others,Others
46479-CAL,Male,41,Yes,California,0,13,None,Yes,No,Yes,DSL,Yes,Yes,No,Yes,No,Yes,Yes,Yes,Two Year,No,Credit Card,71.09999847,213.3500061,2.619999886,0,111,321.730011,Joined,Others,Others
53295-NOR,Female,35,No,North Dakota,7,33,Deal 5,Yes,Yes,No,None,No,No,No,No,No,No,No,No,Month-to-Month,Yes,Bank Withdrawal,25.70000076,25.70000076,0,0,43.84000015,69.54000092,Joined,Others,Others
15349-TEX,Male,47,Yes,Texas,9,12,Deal 5,Yes,Yes,Yes,DSL,No,No,No,No,No,No,No,Yes,Month-to-Month,Yes,Bank Withdrawal,50.15000153,50.15000153,0,0,39.86999893,90.01999664,Joined,Others,Others
83610-COL,Female,66,Yes,Colorado,0,11,Deal 5,Yes,No,Yes,Fiber Optic,No,No,Yes,No,No,No,No,Yes,Two Year,Yes,Bank Withdrawal,74.19999695,140.1000061,0,0,14.57999992,154.6799927,Joined,Others,Others
32563-DEL,Female,34,Yes,Delaware,3,22,None,Yes,No,Yes,Fiber Optic,No,No,No,No,No,No,No,No,Month-to-Month,Yes,Bank Withdrawal,69.80000305,146.6499939,0,10,22.37999916,179.0299988,Joined,Others,Others
89512-LOU,Male,57,No,Louisiana,3,34,None,Yes,Yes,Yes,DSL,Yes,Yes,No,No,No,No,No,Yes,Month-to-Month,No,Bank Withdrawal,60.95000076,134.6000061,0,0,29.76000023,164.3600006,Joined,Others,Others
27553-MIS,Female,53,Yes,Mississippi,0,18,None,Yes,No,No,None,No,No,No,No,No,No,No,No,Month-to-Month,No,Credit Card,20.29999924,20.29999924,0,0,4.090000153,24.38999939,Joined,Others,Others
46004-ARI,Male,25,Yes,Arizona,1,6,None,Yes,No,Yes,DSL,No,No,No,Yes,Yes,Yes,Yes,Yes,Month-to-Month,No,Bank Withdrawal,-8,132.3999939,0,0,47.04000092,179.4400024,Joined,Others,Others
82010-MIN,Female,46,No,Minnesota,14,7,Deal 5,Yes,Yes,Yes,Fiber Optic,No,Yes,No,No,No,No,No,Yes,Month-to-Month,No,Bank Withdrawal,79.55000305,151.75,0,0,51.11999893,202.8699951,Joined,Others,Others
46865-MAS,Female,18,No,Massachusetts,11,1,Deal 5,Yes,Yes,Yes,Fiber Optic,No,Yes,No,No,No,No,No,Yes,Month-to-Month,Yes,Bank Withdrawal,79.44999695,145.1499939,0,0,57.22000122,202.3699951,Joined,Others,Others
99488-LOU,Male,50,Yes,Louisiana,10,31,None,No,No,Yes,DSL,No,No,No,No,No,No,No,Yes,Month-to-Month,No,Credit Card,24.39999962,24.39999962,0,0,0,24.39999962,Joined,Others,Others
77137-KEN,Male,52,No,Kentucky,1,8,Deal 5,Yes,No,Yes,DSL,No,No,No,No,No,No,No,Yes,Month-to-Month,Yes,Mailed Check,45.54999924,45.54999924,0,0,16.34000015,61.88999939,Joined,Others,Others
35075-WES,Male,64,Yes,West Virginia,5,9,None,Yes,No,Yes,Cable,No,No,Yes,Yes,No,No,No,Yes,Month-to-Month,No,Credit Card,55.04999924,55.04999924,0,0,14.64999962,69.69999695,Joined,Others,Others
22765-KEN,Female,40,Yes,Kentucky,6,16,Deal 5,Yes,No,No,None,No,No,No,No,No,No,No,No,Month-to-Month,No,Bank Withdrawal,19.45000076,19.45000076,0,0,16.44000053,35.88999939,Joined,Others,Others
91320-MIN,Female,58,No,Minnesota,0,18,None,Yes,No,Yes,Fiber Optic,No,No,No,No,No,No,No,Yes,Month-to-Month,No,Bank Withdrawal,70.09999847,70.09999847,0,0,1.149999976,71.25,Joined,Others,Others
39540-ALA,Female,34,No,Alabama,12,13,None,Yes,No,Yes,Cable,No,No,No,Yes,No,No,No,Yes,Month-to-Month,No,Credit Card,49.04999924,49.04999924,0,0,25.77000046,74.81999969,Joined,Others,Others
84535-SOU,Male,46,No,South Dakota,2,36,None,Yes,No,No,None,No,No,No,No,No,No,No,No,Month-to-Month,No,Mailed Check,20.39999962,42.90000153,0,0,99.05999756,141.9600067,Joined,Others,Others
72971-WYO,Female,81,No,Wyoming,6,8,None,Yes,No,Yes,Fiber Optic,No,No,No,Yes,No,No,No,Yes,One Year,No,Bank Withdrawal,74.69999695,74.69999695,0,0,27.64999962,102.3499985,Joined,Others,Others
63487-NEW,Female,36,Yes,New Hampshire,8,34,None,Yes,No,Yes,Cable,No,No,No,No,No,No,No,Yes,Month-to-Month,No,Credit Card,44.75,44.75,0,0,40.86999893,85.62000275,Joined,Others,Others
86289-KAN,Male,27,No,Kansas,4,27,None,Yes,No,No,None,No,No,No,No,No,No,No,No,Month-to-Month,No,Credit Card,20.29999924,20.29999924,0,0,29.19000053,49.49000168,Joined,Others,Others
32586-HAW,Female,25,No,Hawaii,15,10,None,Yes,Yes,No,None,No,No,No,No,No,No,No,No,Month-to-Month,Yes,Credit Card,-8,25.75,0,0,15.22000027,40.97000122,Joined,Others,Others
28281-ARI,Male,56,Yes,Arizona,8,32,Deal 5,Yes,No,Yes,Fiber Optic,No,No,No,No,No,Yes,Yes,Yes,Month-to-Month,Yes,Bank Withdrawal,80.34999847,253.8000031,0,0,148.8899994,402.6900024,Joined,Others,Others
88111-NEW,Female,52,Yes,New York,15,32,None,Yes,No,Yes,Fiber Optic,Yes,Yes,No,Yes,No,No,No,Yes,Month-to-Month,Yes,Credit Card,83.40000153,83.40000153,0,0,43.06000137,126.4599991,Joined,Others,Others
42029-NEW,Male,32,Yes,New York,3,30,None,Yes,No,No,None,No,No,No,No,No,No,No,No,Month-to-Month,Yes,Bank Withdrawal,20.5,76.94999695,0,0,111.0299988,187.9799957,Joined,Others,Others
36284-KEN,Male,43,Yes,Kentucky,4,13,None,Yes,No,Yes,DSL,No,No,No,No,No,No,No,Yes,Month-to-Month,No,Bank Withdrawal,44.54999924,44.54999924,0,0,41.09999847,85.65000153,Joined,Others,Others
46378-IND,Female,59,Yes,Indiana,15,10,None,Yes,No,Yes,Fiber Optic,No,No,No,No,No,No,No,Yes,Month-to-Month,Yes,Credit Card,70.40000153,154.8000031,0,0,14.97999954,169.7799988,Joined,Others,Others
44202-NOR,Female,50,Yes,North Dakota,9,14,None,Yes,No,Yes,Fiber Optic,No,No,No,No,No,No,No,Yes,Month-to-Month,Yes,Credit Card,69.94999695,69.94999695,0,0,11.44999981,81.40000153,Joined,Others,Others
83196-TEN,Female,61,Yes,Tennessee,3,10,None,Yes,Yes,Yes,Fiber Optic,Yes,No,No,No,No,No,No,Yes,Month-to-Month,No,Credit Card,80.55000305,188.1000061,0,0,10.60000038,198.6999969,Joined,Others,Others
95735-KEN,Female,53,No,Kentucky,10,21,None,Yes,No,No,None,No,No,No,No,No,No,No,No,Month-to-Month,No,Credit Card,19.25,48.34999847,0,0,42.36000061,90.70999908,Joined,Others,Others
45672-KAN,Female,29,No,Kansas,0,2,None,Yes,No,No,None,No,No,No,No,No,No,No,No,Month-to-Month,No,Mailed Check,20.20000076,20.20000076,0,0,42.15000153,62.34999847,Joined,Others,Others
19541-SOU,Female,37,Yes,South Dakota,15,14,Deal 5,Yes,No,Yes,Cable,No,No,No,No,No,No,No,Yes,Month-to-Month,Yes,Credit Card,45.25,74.19999695,0,0,79,153.1999969,Joined,Others,Others
18015-ALA,Female,28,Yes,Alabama,15,9,None,Yes,No,Yes,DSL,No,No,No,Yes,No,No,No,Yes,Month-to-Month,Yes,Bank Withdrawal,49.90000153,49.90000153,0,0,14.93000031,64.83000183,Joined,Others,Others
12257-MAI,Female,39,No,Maine,9,1,None,Yes,No,No,None,No,No,No,No,No,No,No,No,Month-to-Month,Yes,Credit Card,19.54999924,19.54999924,0,0,10.19999981,29.75,Joined,Others,Others
78253-RHO,Male,63,No,Rhode Island,13,30,None,Yes,No,Yes,Fiber Optic,No,Yes,No,No,No,Yes,Yes,Yes,Month-to-Month,Yes,Bank Withdrawal,85,85,0,0,15.19999981,100.1999969,Joined,Others,Others
71689-NOR,Female,42,Yes,North Carolina,3,19,None,Yes,No,Yes,DSL,No,No,No,No,No,No,No,Yes,Month-to-Month,No,Credit Card,43.95000076,43.95000076,0,0,45.59000015,89.54000092,Joined,Others,Others
78885-WIS,Female,43,No,Wisconsin,2,5,Deal 5,Yes,No,No,None,No,No,No,No,No,No,No,No,Month-to-Month,No,Credit Card,19.5,19.5,0,0,20.11000061,39.61000061,Joined,Others,Others
65987-ALA,Male,52,Yes,Alaska,9,34,Deal 5,Yes,Yes,Yes,DSL,Yes,Yes,No,No,No,No,No,Yes,Month-to-Month,No,Bank Withdrawal,61.15000153,61.15000153,0,0,17.06999969,78.22000122,Joined,Others,Others
28873-NEW,Male,55,No,New Mexico,7,4,None,Yes,No,Yes,Fiber Optic,No,Yes,No,No,No,No,No,Yes,Month-to-Month,No,Bank Withdrawal,74.94999695,151.75,0,0,7.519999981,159.2700043,Joined,Others,Others
95748-MIS,Male,22,Yes,Missouri,5,4,Deal 5,Yes,Yes,No,None,No,No,No,No,No,No,No,No,Month-to-Month,No,Mailed Check,25.39999962,25.39999962,0,0,32.72999954,58.13000107,Joined,Others,Others
23683-NEW,Male,26,No,New Hampshire,10,16,None,Yes,No,No,None,No,No,No,No,No,No,No,No,Month-to-Month,Yes,Credit Card,20.25,20.25,0,0,42.95999908,63.20999908,Joined,Others,Others
84789-DEL,Male,46,No,Delaware,9,19,Deal 5,Yes,No,Yes,Fiber Optic,No,Yes,Yes,Yes,Yes,Yes,Yes,Yes,Month-to-Month,Yes,Bank Withdrawal,107.9499969,318.6000061,0,0,37.97999954,356.5799866,Joined,Others,Others
16068-HAW,Female,44,Yes,Hawaii,4,25,Deal 5,No,No,Yes,DSL,No,No,No,No,No,No,No,No,Month-to-Month,No,Bank Withdrawal,25.25,25.25,0,10,0,35.25,Joined,Others,Others
42768-MAR,Female,45,No,Maryland,13,14,None,Yes,No,No,None,No,No,No,No,No,No,No,No,Month-to-Month,No,Credit Card,19.39999962,19.39999962,0,0,2.849999905,22.25,Joined,Others,Others
46619-WAS,Male,25,No,Washington,1,14,None,Yes,No,No,None,No,No,No,No,No,No,No,No,One Year,No,Credit Card,20.39999962,20.39999962,0,0,27.5,47.90000153,Joined,Others,Others
45038-COL,Female,25,Yes,Colorado,7,14,None,Yes,No,Yes,Fiber Optic,Yes,No,No,No,No,No,No,Yes,Month-to-Month,Yes,Bank Withdrawal,74.55000305,233.6499939,0,0,30.29999924,263.9500122,Joined,Others,Others
58974-MAS,Male,34,No,Massachusetts,11,14,None,Yes,No,No,None,No,No,No,No,No,No,No,No,Month-to-Month,No,Credit Card,20.29999924,41.20000076,0,0,25.36000061,66.55999756,Joined,Others,Others
84687-NEW,Female,31,No,New Hampshire,0,18,Deal 5,No,No,Yes,Cable,No,No,No,No,No,No,No,No,Month-to-Month,No,Credit Card,24.70000076,24.70000076,0,70,0,94.69999695,Joined,Others,Others
28239-VIR,Female,55,Yes,Virginia,0,5,None,Yes,No,No,None,No,No,No,No,No,No,No,No,Month-to-Month,No,Credit Card,19.95000076,19.95000076,0,0,38.84000015,58.79000092,Joined,Others,Others
13058-COL,Female,58,No,Colorado,13,22,None,Yes,No,Yes,DSL,No,No,No,No,No,No,No,Yes,Month-to-Month,Yes,Mailed Check,46.09999847,130.1499939,0,0,7.980000019,138.1300049,Joined,Others,Others
23729-NEW,Female,58,No,New Hampshire,14,19,Deal 5,Yes,No,No,None,No,No,No,No,No,No,No,No,Month-to-Month,Yes,Credit Card,19.64999962,38.79999924,0,0,19.21999931,58.02000046,Joined,Others,Others
12136-COL,Female,25,Yes,Colorado,2,35,None,Yes,No,No,None,No,No,No,No,No,No,No,No,Month-to-Month,No,Bank Withdrawal,19.89999962,19.89999962,0,0,11.82999992,31.72999954,Joined,Others,Others
98334-MAS,Male,67,Yes,Massachusetts,15,20,None,Yes,No,No,None,No,No,No,No,No,No,No,No,Month-to-Month,No,Bank Withdrawal,20.20000076,65.94999695,0,0,95.43000031,161.3800049,Joined,Others,Others
52403-FLO,Female,66,Yes,Florida,9,6,None,Yes,No,Yes,Fiber Optic,No,No,No,No,No,No,No,No,Two Year,Yes,Bank Withdrawal,71.25,71.25,0,10,17.60000038,98.84999847,Joined,Others,Others
66766-MIS,Female,38,No,Mississippi,6,10,Deal 5,Yes,Yes,Yes,Fiber Optic,No,No,No,No,No,No,No,Yes,Month-to-Month,Yes,Bank Withdrawal,74.94999695,212.3999939,27.60000038,0,4.920000076,189.7200012,Joined,Others,Others
26139-NEW,Male,76,No,New Mexico,5,22,Deal 5,Yes,No,Yes,DSL,No,No,Yes,No,No,No,No,Yes,Two Year,No,Mailed Check,49.95000076,107.0999985,0,0,75.94000244,183.0399933,Joined,Others,Others
32966-TEN,Female,23,No,Tennessee,3,7,None,Yes,No,No,None,No,No,No,No,No,No,No,No,Month-to-Month,No,Bank Withdrawal,19.20000076,19.20000076,0,0,26.37000084,45.56999969,Joined,Others,Others
94124-TEN,Female,21,No,Tennessee,9,8,None,Yes,No,Yes,Fiber Optic,No,No,No,No,Yes,No,No,Yes,Month-to-Month,Yes,Bank Withdrawal,79.94999695,174.4499969,0,0,75.40000153,249.8500061,Joined,Others,Others
13823-CON,Female,31,Yes,Connecticut,1,28,Deal 5,No,No,Yes,DSL,No,No,No,No,No,No,No,Yes,Month-to-Month,No,Bank Withdrawal,24.5,46.40000153,0,0,0,46.40000153,Joined,Others,Others
57457-CON,Female,46,No,Connecticut,14,34,None,Yes,No,No,None,No,No,No,No,No,No,No,No,Month-to-Month,No,Mailed Check,20,38,0,0,68.76000214,106.7600021,Joined,Others,Others
65405-LOU,Female,65,Yes,Louisiana,7,18,None,Yes,No,No,None,No,No,No,No,No,No,No,No,One Year,No,Mailed Check,20.25,71.19999695,0,0,4.409999847,75.61000061,Joined,Others,Others
92527-NEV,Female,40,No,Nevada,7,16,None,Yes,No,No,None,No,No,No,No,No,No,No,No,Month-to-Month,Yes,Credit Card,20.04999924,20.04999924,0,0,3.230000019,23.28000069,Joined,Others,Others
33910-IOW,Female,63,No,Iowa,4,30,None,Yes,No,No,None,No,No,No,No,No,No,No,No,Month-to-Month,No,Bank Withdrawal,19.54999924,61.04999924,0,0,122.9400024,183.9900055,Joined,Others,Others
85506-OKL,Female,23,No,Oklahoma,0,10,None,Yes,No,No,None,No,No,No,No,No,No,No,No,One Year,No,Credit Card,20.20000076,34.75,0,0,76.81999969,111.5699997,Joined,Others,Others
38779-NEW,Female,25,No,New Mexico,13,19,None,Yes,No,No,None,No,No,No,No,No,No,No,No,Month-to-Month,Yes,Credit Card,20.04999924,75.44999695,0,0,113.5500031,189,Joined,Others,Others
39623-MIS,Female,85,No,Mississippi,2,10,Deal 5,Yes,No,Yes,Fiber Optic,No,Yes,No,No,No,No,No,No,Month-to-Month,Yes,Bank Withdrawal,74.59999847,239.0500031,0,30,118.5299988,387.5799866,Joined,Others,Others
53186-GEO,Male,74,Yes,Georgia,10,2,Deal 5,Yes,No,Yes,DSL,No,No,No,No,No,No,No,Yes,One Year,No,Bank Withdrawal,45.25,45.25,0,0,11.89000034,57.13999939,Joined,Others,Others
61474-MIN,Male,52,Yes,Minnesota,11,17,None,Yes,No,No,None,No,No,No,No,No,No,No,No,Month-to-Month,No,Credit Card,20.35000038,20.35000038,0,0,31.96999931,52.31999969,Joined,Others,Others
63883-FLO,Female,33,Yes,Florida,12,26,None,Yes,No,No,None,No,No,No,No,No,No,No,No,Month-to-Month,Yes,Mailed Check,20.45000076,42.45000076,0,0,94.37999725,136.8300018,Joined,Others,Others
19041-MAR,Female,36,No,Maryland,6,21,Deal 5,No,No,Yes,Cable,Yes,No,No,Yes,No,No,No,Yes,Month-to-Month,No,Credit Card,35.09999847,101.0999985,0,0,0,101.0999985,Joined,Others,Others
74378-ILL,Female,37,Yes,Illinois,12,30,None,Yes,No,Yes,DSL,Yes,No,No,Yes,No,No,No,Yes,Month-to-Month,Yes,Credit Card,54.45000076,87.30000305,0,0,39.74000168,127.0400009,Joined,Others,Others
23605-MIS,Female,31,Yes,Missouri,1,19,None,Yes,No,No,None,No,No,No,No,No,No,No,No,Month-to-Month,No,Credit Card,20.75,20.75,0,0,7.570000172,28.31999969,Joined,Others,Others
72391-NEV,Male,35,No,Nevada,1,7,None,No,No,Yes,DSL,No,No,No,No,No,Yes,Yes,Yes,Month-to-Month,No,Bank Withdrawal,35,35,0,0,0,35,Joined,Others,Others
77230-PEN,Female,59,Yes,Pennsylvania,5,4,None,Yes,No,No,None,No,No,No,No,No,No,No,No,Month-to-Month,Yes,Bank Withdrawal,19.64999962,31.20000076,0,0,15.60000038,46.79999924,Joined,Others,Others
43877-NOR,Male,23,No,North Carolina,6,3,None,Yes,No,Yes,DSL,No,No,Yes,No,No,Yes,Yes,Yes,Month-to-Month,No,Bank Withdrawal,60.84999847,111.4000015,0,0,30.5,141.8999939,Joined,Others,Others
16764-KAN,Male,40,No,Kansas,15,13,Deal 5,Yes,No,No,None,No,No,No,No,No,No,No,No,Month-to-Month,No,Credit Card,20.79999924,20.79999924,0,0,48.13999939,68.94000244,Joined,Others,Others
74033-UTA,Female,45,Yes,Utah,15,20,None,No,No,Yes,Cable,No,No,No,No,No,No,No,Yes,Month-to-Month,No,Bank Withdrawal,25.25,25.25,0,0,0,25.25,Joined,Others,Others
53764-NEW,Male,36,No,New Hampshire,10,23,None,No,No,Yes,Cable,No,No,No,No,No,No,No,Yes,Month-to-Month,Yes,Credit Card,24.89999962,24.89999962,0,0,0,24.89999962,Joined,Others,Others
39128-LOU,Male,36,No,Louisiana,15,22,Deal 5,Yes,No,Yes,DSL,No,No,No,No,No,No,No,No,Month-to-Month,Yes,Bank Withdrawal,44.75,44.75,0,10,18.56999969,73.31999969,Joined,Others,Others
39866-VIR,Female,24,No,Virginia,1,12,Deal 5,Yes,No,Yes,DSL,No,No,No,No,No,No,No,No,Month-to-Month,No,Bank Withdrawal,45.54999924,84.40000153,0,10,83.80000305,178.1999969,Joined,Others,Others
81118-ILL,Female,31,No,Illinois,1,13,None,Yes,No,Yes,Cable,No,No,No,No,No,No,No,Yes,Month-to-Month,Yes,Credit Card,45.79999924,45.79999924,0,0,13.61999989,59.41999817,Joined,Others,Others
91505-COL,Male,62,Yes,Colorado,13,36,Deal 5,Yes,Yes,Yes,Fiber Optic,No,No,No,No,Yes,Yes,Yes,Yes,Two Year,Yes,Bank Withdrawal,94.84999847,335.75,0,0,113.3399963,449.0899963,Joined,Others,Others
83308-PEN,Male,40,No,Pennsylvania,5,14,None,No,No,Yes,DSL,No,Yes,No,No,No,No,No,Yes,Month-to-Month,No,Mailed Check,29.64999962,90.05000305,0,0,0,90.05000305,Joined,Others,Others
82559-IDA,Male,34,Yes,Idaho,0,33,Deal 5,Yes,No,Yes,DSL,No,Yes,No,Yes,No,Yes,Yes,No,Month-to-Month,Yes,Credit Card,64.19999695,143.6499939,0,30,8.819999695,182.4700012,Joined,Others,Others
72275-SOU,Female,45,Yes,South Dakota,8,4,None,Yes,No,No,None,No,No,No,No,No,No,No,No,One Year,No,Credit Card,19.95000076,47.70000076,0,0,62.90000153,110.5999985,Joined,Others,Others
95594-MAS,Female,64,No,Massachusetts,4,1,None,Yes,No,Yes,DSL,No,No,No,No,No,No,No,Yes,Month-to-Month,No,Bank Withdrawal,44,44,0,0,15.65999985,59.65999985,Joined,Others,Others
55043-NEB,Male,43,Yes,Nebraska,8,17,None,Yes,No,Yes,Fiber Optic,No,No,No,No,No,No,No,No,Month-to-Month,Yes,Bank Withdrawal,69.90000153,69.90000153,0,10,9.359999657,89.26000214,Joined,Others,Others
17250-MIN,Female,23,Yes,Minnesota,12,2,None,Yes,No,Yes,DSL,No,Yes,No,No,No,No,No,Yes,Month-to-Month,No,Credit Card,49.25,97,0,0,81.5,178.5,Joined,Others,Others
89382-MIS,Male,56,No,Mississippi,5,29,Deal 5,No,No,Yes,DSL,No,No,No,Yes,No,No,No,Yes,Month-to-Month,Yes,Bank Withdrawal,29.75,96.84999847,0,0,0,96.84999847,Joined,Others,Others
16032-COL,Female,47,No,Colorado,8,18,None,Yes,No,Yes,DSL,No,No,No,No,No,No,No,Yes,Month-to-Month,Yes,Bank Withdrawal,46.59999847,87.90000153,0,0,3.74000001,91.63999939,Joined,Others,Others
83080-NEW,Female,54,No,New Hampshire,9,4,None,Yes,No,Yes,Fiber Optic,No,No,No,No,No,No,No,Yes,Month-to-Month,Yes,Bank Withdrawal,70.15000153,194.1999969,0,0,16.88999939,211.0899963,Joined,Others,Others
35658-GEO,Male,35,No,Georgia,2,16,None,Yes,No,No,None,No,No,No,No,No,No,No,No,Month-to-Month,No,Mailed Check,20.45000076,20.45000076,0,0,39.61000061,60.06000137,Joined,Others,Others
71752-CON,Female,51,No,Connecticut,4,2,Deal 5,Yes,No,No,None,No,No,No,No,No,No,No,No,Month-to-Month,No,Bank Withdrawal,19.89999962,57.40000153,0,0,53.79999924,111.1999969,Joined,Others,Others
62968-OKL,Female,18,No,Oklahoma,4,3,None,Yes,No,Yes,Cable,No,No,No,Yes,No,Yes,Yes,Yes,Month-to-Month,Yes,Credit Card,59.54999924,59.54999924,0,0,41.38999939,100.9400024,Joined,Others,Others
68826-IDA,Male,48,No,Idaho,14,1,None,No,No,Yes,Cable,No,No,No,No,No,No,No,No,Month-to-Month,Yes,Bank Withdrawal,24.70000076,24.70000076,0,0,0,24.70000076,Joined,Others,Others
36017-TEX,Female,52,Yes,Texas,15,23,None,Yes,No,No,None,No,No,No,No,No,No,No,No,Month-to-Month,No,Credit Card,19.54999924,19.54999924,0,0,40.63000107,60.18000031,Joined,Others,Others
17154-NEB,Male,32,No,Nebraska,13,4,None,Yes,No,No,None,No,No,No,No,No,No,No,No,One Year,No,Mailed Check,18.79999924,18.79999924,0,0,43.56999969,62.36999893,Joined,Others,Others
19837-ILL,Female,57,Yes,Illinois,4,6,None,No,No,Yes,Cable,No,Yes,No,No,Yes,Yes,Yes,Yes,Month-to-Month,No,Bank Withdrawal,51.40000153,96.80000305,0,0,0,96.80000305,Joined,Others,Others
26412-MIC,Female,30,No,Michigan,7,18,None,Yes,No,No,None,No,No,No,No,No,No,No,No,Month-to-Month,Yes,Bank Withdrawal,20.70000076,39.84999847,0,0,27.78000069,67.62999725,Joined,Others,Others
86891-NEW,Male,25,No,New Hampshire,7,5,None,Yes,No,No,None,No,No,No,No,No,No,No,No,Month-to-Month,No,Credit Card,20.04999924,20.04999924,0,0,18.14999962,38.20000076,Joined,Others,Others
34101-ALA,Female,41,No,Alabama,5,35,None,Yes,No,No,None,No,No,No,No,No,No,No,No,Month-to-Month,No,Bank Withdrawal,20.20000076,50.59999847,0,0,55.29000092,105.8899994,Joined,Others,Others
63464-MIS,Male,48,No,Missouri,7,5,None,Yes,No,Yes,DSL,No,No,No,Yes,No,Yes,Yes,Yes,Month-to-Month,No,Credit Card,60.65000153,196.8999939,0,0,67.47000122,264.3699951,Joined,Others,Others
92134-WIS,Male,24,No,Wisconsin,5,11,None,No,No,Yes,DSL,No,No,No,No,Yes,No,No,Yes,Month-to-Month,Yes,Credit Card,34.79999924,113.9499969,0,0,0,113.9499969,Joined,Others,Others
52279-SOU,Male,53,No,South Carolina,15,26,Deal 5,Yes,No,Yes,Fiber Optic,No,No,No,No,Yes,No,No,Yes,Month-to-Month,Yes,Bank Withdrawal,80.69999695,239.4499969,0,0,71.16000366,310.6099854,Joined,Others,Others
54564-WIS,Female,55,Yes,Wisconsin,11,7,None,Yes,Yes,Yes,Fiber Optic,No,No,No,No,No,No,No,Yes,Month-to-Month,No,Bank Withdrawal,76.09999847,257.6000061,0,0,43.04999924,300.6499939,Joined,Others,Others
84720-OKL,Male,55,Yes,Oklahoma,11,6,None,Yes,No,No,None,No,No,No,No,No,No,No,No,Month-to-Month,No,Credit Card,19.20000076,19.20000076,0,0,32.77999878,51.97999954,Joined,Others,Others
12469-MAR,Male,24,Yes,Maryland,11,4,None,Yes,No,Yes,DSL,No,No,No,No,Yes,No,No,Yes,Month-to-Month,Yes,Credit Card,55.29999924,55.29999924,0,0,36.68999863,91.98999786,Joined,Others,Others
47737-WIS,Male,42,No,Wisconsin,15,25,None,Yes,No,No,None,No,No,No,No,No,No,No,No,Month-to-Month,No,Credit Card,19.64999962,19.64999962,0,0,16.90999985,36.56000137,Joined,Others,Others
24696-LOU,Female,69,Yes,Louisiana,0,20,Deal 5,Yes,No,Yes,DSL,No,No,No,No,No,No,No,Yes,Month-to-Month,No,Bank Withdrawal,43.95000076,85.09999847,0,0,38.18000031,123.2799988,Joined,Others,Others
57012-NOR,Female,78,Yes,North Dakota,11,29,Deal 5,Yes,No,Yes,DSL,No,No,No,No,No,No,No,Yes,Two Year,No,Bank Withdrawal,45.20000076,45.20000076,0,0,49.34000015,94.54000092,Joined,Others,Others
28681-MAI,Female,33,No,Maine,4,2,None,Yes,No,Yes,Fiber Optic,No,No,Yes,No,No,No,No,Yes,Month-to-Month,No,Bank Withdrawal,75.55000305,75.55000305,0,0,7.110000134,82.66000366,Joined,Others,Others
36339-NEB,Female,54,No,Nebraska,14,7,Deal 5,Yes,No,No,None,No,No,No,No,No,No,No,No,Month-to-Month,Yes,Credit Card,19.89999962,45.75,0,0,124.0800018,169.8300018,Joined,Others,Others
73108-ARK,Female,38,Yes,Arkansas,6,12,None,Yes,No,No,None,No,No,No,No,No,No,No,No,Month-to-Month,No,Credit Card,20.25,36.79999924,0,0,31.65999985,68.45999908,Joined,Others,Others
47611-NOR,Male,25,No,North Carolina,4,31,None,Yes,No,Yes,DSL,No,No,No,No,No,Yes,Yes,No,Month-to-Month,Yes,Bank Withdrawal,55.25,55.25,0,60,39.18999863,154.4400024,Joined,Others,Others
32080-OKL,Male,33,Yes,Oklahoma,1,12,None,Yes,No,No,None,No,No,No,No,No,No,No,No,Month-to-Month,Yes,Credit Card,19.60000038,55.25,0,0,125.6999969,180.9499969,Joined,Others,Others
67994-ALA,Male,75,Yes,Alabama,12,33,Deal 5,Yes,No,Yes,DSL,No,No,No,No,No,No,No,Yes,Two Year,No,Bank Withdrawal,46.29999924,46.29999924,0,0,11.51000023,57.81000137,Joined,Others,Others
75671-MAR,Female,34,Yes,Maryland,8,13,None,Yes,No,Yes,Cable,No,No,No,No,No,No,No,Yes,Month-to-Month,Yes,Bank Withdrawal,45.40000153,80.94999695,0,0,21.62000084,102.5699997,Joined,Others,Others
29525-NEV,Female,50,Yes,Nevada,9,3,Deal 5,No,No,Yes,DSL,No,No,No,No,No,No,No,Yes,Month-to-Month,No,Credit Card,25,78.25,0,0,0,78.25,Joined,Others,Others
59750-NEB,Female,49,Yes,Nebraska,11,4,None,Yes,Yes,Yes,Fiber Optic,No,No,No,No,No,No,No,Yes,Month-to-Month,Yes,Credit Card,74.90000153,136.0500031,0,0,82.16000366,218.2100067,Joined,Others,Others
83050-MIC,Female,25,Yes,Michigan,7,20,None,Yes,No,No,None,No,No,No,No,No,No,No,No,One Year,No,Credit Card,20.45000076,34.79999924,0,0,92,126.8000031,Joined,Others,Others
93700-UTA,Female,57,No,Utah,8,20,Deal 5,Yes,No,Yes,Cable,Yes,No,No,No,No,No,No,Yes,Month-to-Month,Yes,Credit Card,50.70000076,50.70000076,0,0,38.04999924,88.75,Joined,Others,Others
83939-ALA,Female,42,No,Alaska,8,27,None,Yes,No,No,None,No,No,No,No,No,No,No,No,Month-to-Month,No,Bank Withdrawal,20.10000038,43.15000153,0,0,65.72000122,108.8700027,Joined,Others,Others
28237-MAI,Female,52,No,Maine,7,9,Deal 5,Yes,No,Yes,Fiber Optic,No,No,No,No,No,No,No,Yes,Month-to-Month,Yes,Bank Withdrawal,69.84999847,199.8500061,0,0,104.2799988,304.1300049,Joined,Others,Others
21642-MAS,Male,60,Yes,Massachusetts,12,29,None,Yes,No,Yes,DSL,Yes,No,No,Yes,No,No,No,Yes,Month-to-Month,No,Bank Withdrawal,54.5,54.5,0,0,33.20999908,87.70999908,Joined,Others,Others
46081-VER,Male,41,Yes,Vermont,14,29,None,Yes,No,Yes,DSL,No,No,No,No,No,No,No,Yes,Month-to-Month,No,Credit Card,45.15000153,45.15000153,0,0,42.34000015,87.48999786,Joined,Others,Others
18829-NEV,Female,49,Yes,Nevada,4,31,Deal 5,Yes,No,No,None,No,No,No,No,No,No,No,No,Month-to-Month,No,Credit Card,18.79999924,56,0,0,19.82999992,75.83000183,Joined,Others,Others
66669-DEL,Male,44,No,Delaware,12,32,Deal 5,Yes,No,Yes,Cable,No,No,No,No,No,No,No,Yes,Month-to-Month,Yes,Bank Withdrawal,44.04999924,44.04999924,0,0,30.72999954,74.77999878,Joined,Others,Others
35606-ORE,Male,76,Yes,Oregon,12,18,Deal 5,Yes,No,Yes,Fiber Optic,No,No,Yes,No,No,No,No,No,One Year,No,Credit Card,75.05000305,202.8999939,5.489999771,10,124.3199997,331.730011,Joined,Others,Others
33773-RHO,Male,58,Yes,Rhode Island,3,6,Deal 5,Yes,No,No,None,No,No,No,No,No,No,No,No,Month-to-Month,No,Credit Card,20.60000038,20.60000038,0,0,1.480000019,22.07999992,Joined,Others,Others
34713-DEL,Male,58,Yes,Delaware,1,29,Deal 5,Yes,Yes,Yes,Fiber Optic,Yes,No,No,No,No,Yes,Yes,Yes,Month-to-Month,No,Credit Card,90.75,174.75,0,0,54.34000015,229.0899963,Joined,Others,Others
82170-ALA,Male,41,No,Alabama,5,29,None,Yes,No,Yes,DSL,No,No,No,No,No,No,No,Yes,Month-to-Month,No,Mailed Check,44.59999847,44.59999847,0,0,45.27999878,89.87999725,Joined,Others,Others
99855-IDA,Female,50,Yes,Idaho,5,29,None,Yes,No,Yes,Fiber Optic,No,No,No,No,No,No,No,Yes,Month-to-Month,Yes,Bank Withdrawal,69.69999695,135.1999969,0,0,31.34000015,166.5399933,Joined,Others,Others
97427-WIS,Female,27,Yes,Wisconsin,9,2,Deal 5,Yes,No,No,None,No,No,No,No,No,No,No,No,Month-to-Month,Yes,Credit Card,20.35000038,20.35000038,0,0,29.86000061,50.20999908,Joined,Others,Others
46190-NEW,Male,27,Yes,New Mexico,0,36,Deal 5,Yes,No,Yes,DSL,No,No,No,No,No,Yes,Yes,No,Month-to-Month,No,Mailed Check,55.54999924,55.54999924,0,30,33.31999969,118.8700027,Joined,Others,Others
36628-WIS,Female,44,Yes,Wisconsin,7,1,Deal 5,Yes,No,Yes,Fiber Optic,Yes,No,No,Yes,No,No,No,Yes,Month-to-Month,Yes,Bank Withdrawal,80.15000153,194.5500031,0,0,53.15999985,247.7100067,Joined,Others,Others
46730-COL,Female,18,No,Colorado,5,4,Deal 5,Yes,No,Yes,Fiber Optic,No,Yes,No,No,No,No,No,Yes,Month-to-Month,Yes,Bank Withdrawal,74.75,144.8000031,0,0,87.12000275,231.9199982,Joined,Others,Others
79342-NOR,Female,39,Yes,North Dakota,5,22,None,Yes,No,Yes,DSL,Yes,No,No,Yes,Yes,No,No,Yes,Month-to-Month,Yes,Credit Card,64.40000153,195.6499939,0,0,114.1500015,309.7999878,Joined,Others,Others
74804-NEW,Female,46,No,New Hampshire,0,5,None,Yes,No,Yes,Fiber Optic,No,No,No,No,No,No,No,No,Month-to-Month,Yes,Credit Card,69.59999847,207.3999939,0,20,86.91000366,314.3099976,Joined,Others,Others
25048-ALA,Male,47,No,Alabama,15,9,Deal 5,Yes,Yes,No,None,No,No,No,No,No,No,No,No,Month-to-Month,No,Credit Card,24,24,0,0,32.95000076,56.95000076,Joined,Others,Others
27561-CON,Female,19,No,Connecticut,6,10,Deal 5,Yes,No,No,None,No,No,No,No,No,No,No,No,Month-to-Month,Yes,Credit Card,20.25,20.25,0,0,47.25,67.5,Joined,Others,Others
41795-TEX,Female,58,No,Texas,5,10,None,Yes,No,No,None,No,No,No,No,No,No,No,No,Month-to-Month,No,Credit Card,19.75,19.75,0,0,41.27999878,61.02999878,Joined,Others,Others
16733-TEX,Female,76,Yes,Texas,10,1,None,Yes,No,Yes,DSL,No,No,No,No,No,No,No,Yes,Month-to-Month,Yes,Credit Card,45.84999847,45.84999847,0,0,40.38000107,86.23000336,Joined,Others,Others
12340-PEN,Female,51,Yes,Pennsylvania,0,10,None,Yes,No,Yes,Cable,No,No,No,No,Yes,Yes,Yes,Yes,Month-to-Month,Yes,Credit Card,62.79999924,62.79999924,0,0,42.18999863,104.9899979,Joined,Others,Others
31918-TEX,Female,37,No,Texas,15,34,None,No,No,Yes,Cable,Yes,No,Yes,Yes,No,No,No,Yes,Month-to-Month,No,Credit Card,41.34999847,107.25,0,0,0,107.25,Joined,Others,Others
66413-NEV,Female,53,No,Nevada,12,4,None,Yes,No,Yes,Fiber Optic,No,No,No,No,Yes,No,No,No,Month-to-Month,Yes,Bank Withdrawal,80.5,232.3500061,0,0,80.58000183,312.9299927,Joined,Others,Others
97615-ILL,Female,23,Yes,Illinois,11,10,Deal 5,Yes,No,No,None,No,No,No,No,No,No,No,No,Month-to-Month,No,Credit Card,20.20000076,20.20000076,0,0,41.09999847,61.29999924,Joined,Others,Others
18415-LOU,Female,33,Yes,Louisiana,7,36,None,Yes,No,No,None,No,No,No,No,No,No,No,No,Month-to-Month,No,Mailed Check,19.10000038,19.10000038,0,0,5.019999981,24.12000084,Joined,Others,Others
35635-ILL,Female,26,Yes,Illinois,10,5,None,Yes,No,No,None,No,No,No,No,No,No,No,No,Month-to-Month,No,Mailed Check,20.39999962,20.39999962,0,0,17.80999947,38.20999908,Joined,Others,Others
67752-NEV,Female,28,No,Nevada,0,24,None,Yes,No,Yes,Cable,No,No,No,No,No,No,No,Yes,Month-to-Month,No,Credit Card,45.29999924,45.29999924,0,0,47.36000061,92.66000366,Joined,Others,Others
23632-ILL,Female,37,Yes,Illinois,2,16,Deal 5,Yes,No,Yes,Fiber Optic,Yes,No,No,No,Yes,Yes,Yes,Yes,Month-to-Month,No,Bank Withdrawal,97.09999847,184.1499939,0,0,78.69999695,262.8500061,Joined,Others,Others
38920-NOR,Female,50,No,North Dakota,8,7,None,Yes,No,Yes,Cable,No,No,No,No,No,No,No,No,Month-to-Month,Yes,Bank Withdrawal,43.84999847,43.84999847,0,10,15.89999962,69.75,Joined,Others,Others
51597-NEW,Female,26,Yes,New York,10,18,None,Yes,No,No,None,No,No,No,No,No,No,No,No,Month-to-Month,No,Credit Card,19.89999962,19.89999962,0,0,1.5,21.39999962,Joined,Others,Others
88107-TEN,Female,58,No,Tennessee,10,34,None,No,No,Yes,DSL,No,No,No,Yes,No,No,No,No,Month-to-Month,No,Credit Card,30.54999924,30.54999924,0,40,0,70.55000305,Joined,Others,Others
77911-MAR,Female,20,No,Maryland,5,8,Deal 5,Yes,Yes,No,None,No,No,No,No,No,No,No,No,Month-to-Month,Yes,Credit Card,23.60000038,89.05000305,0,0,42.29999924,131.3500061,Joined,Others,Others
77658-TEN,Male,44,No,Tennessee,0,4,Deal 5,No,No,Yes,DSL,No,No,No,No,No,No,No,Yes,Month-to-Month,Yes,Bank Withdrawal,24.39999962,24.39999962,0,0,0,24.39999962,Joined,Others,Others
13123-OKL,Female,46,No,Oklahoma,13,18,Deal 5,Yes,No,Yes,Fiber Optic,Yes,Yes,No,No,Yes,Yes,Yes,No,Month-to-Month,No,Bank Withdrawal,100.1999969,198.5,0,10,45.11999893,253.6199951,Joined,Others,Others
82427-TEN,Male,36,No,Tennessee,15,28,Deal 5,Yes,No,No,None,No,No,No,No,No,No,No,No,Month-to-Month,No,Credit Card,19.54999924,19.54999924,0,0,17.94000053,37.49000168,Joined,Others,Others
28378-LOU,Female,65,No,Louisiana,12,1,Deal 5,Yes,No,No,None,No,No,No,No,No,No,No,No,Month-to-Month,No,Bank Withdrawal,19.45000076,19.45000076,0,0,46.59000015,66.04000092,Joined,Others,Others
83736-VIR,Male,43,Yes,Virginia,1,25,None,Yes,No,Yes,DSL,No,No,No,No,No,No,No,Yes,Month-to-Month,No,Credit Card,45.34999847,45.34999847,0,0,12.46000004,57.81000137,Joined,Others,Others
51657-WYO,Male,54,No,Wyoming,13,16,None,Yes,No,No,None,No,No,No,No,No,No,No,No,Month-to-Month,No,Credit Card,20.85000038,60.65000153,0,0,58.74000168,119.3899994,Joined,Others,Others
22782-ARK,Female,50,Yes,Arkansas,2,28,None,Yes,No,No,None,No,No,No,No,No,No,No,No,Month-to-Month,No,Credit Card,19.29999924,54.70000076,0,0,30.38999939,85.08999634,Joined,Others,Others
78978-TEX,Male,54,No,Texas,0,13,Deal 5,Yes,No,No,None,No,No,No,No,No,No,No,No,Month-to-Month,No,Credit Card,19.29999924,19.29999924,0,0,16.36000061,35.65999985,Joined,Others,Others
78220-NEW,Female,21,Yes,New Mexico,14,10,None,Yes,No,Yes,Fiber Optic,No,No,Yes,Yes,Yes,No,Yes,Yes,Month-to-Month,Yes,Credit Card,89.84999847,244.4499969,0,0,75.30000305,319.75,Joined,Others,Others
27461-SOU,Male,22,Yes,South Carolina,7,6,Deal 5,Yes,No,Yes,Cable,No,No,No,No,No,No,No,Yes,Month-to-Month,Yes,Credit Card,44.54999924,44.54999924,0,0,23.04000092,67.58999634,Joined,Others,Others
77311-MAS,Male,47,Yes,Massachusetts,9,19,Deal 5,Yes,No,No,None,No,No,No,No,No,No,No,No,Month-to-Month,No,Credit Card,20.25,20.25,0,0,40.45999908,60.70999908,Joined,Others,Others
76233-ARI,Female,78,Yes,Arizona,6,9,Deal 5,Yes,No,Yes,Fiber Optic,No,No,No,No,No,No,No,No,Two Year,Yes,Credit Card,70.59999847,70.59999847,0,30,32.61000061,133.2100067,Joined,Others,Others
87704-IND,Female,38,Yes,Indiana,9,24,Deal 5,Yes,No,No,None,No,No,No,No,No,No,No,No,Two Year,No,Credit Card,20.45000076,20.45000076,0,0,43.81999969,64.26999664,Joined,Others,Others
65531-MAI,Female,55,No,Maine,10,22,None,Yes,No,No,None,No,No,No,No,No,No,No,No,Month-to-Month,No,Credit Card,19.79999924,19.79999924,0,0,11.96000004,31.76000023,Joined,Others,Others
85917-WYO,Male,53,Yes,Wyoming,7,15,Deal 5,Yes,No,No,None,No,No,No,No,No,No,No,No,Month-to-Month,Yes,Credit Card,19.5,19.5,0,0,33.02000046,52.52000046,Joined,Others,Others
33472-MIS,Female,77,No,Mississippi,0,16,None,Yes,No,Yes,Fiber Optic,No,No,Yes,No,No,No,No,Yes,Two Year,No,Bank Withdrawal,73.84999847,196.3999939,0,0,139.9499969,336.3500061,Joined,Others,Others
49273-HAW,Female,45,Yes,Hawaii,11,15,Deal 5,Yes,No,Yes,DSL,Yes,Yes,No,Yes,No,No,No,Yes,Two Year,No,Mailed Check,59.5,130.5,0,0,85.09999847,215.6000061,Joined,Others,Others
43908-MIC,Male,36,No,Michigan,3,25,None,Yes,No,Yes,Fiber Optic,No,No,No,No,No,No,No,Yes,Month-to-Month,No,Bank Withdrawal,70.34999847,139.25,0,0,89.54000092,228.7899933,Joined,Others,Others
43604-DEL,Female,18,No,Delaware,14,7,Deal 5,Yes,No,No,None,No,No,No,No,No,No,No,No,One Year,No,Mailed Check,19.64999962,19.64999962,0,0,23.40999985,43.06000137,Joined,Others,Others
52695-DEL,Female,52,No,Delaware,14,34,None,Yes,No,No,None,No,No,No,No,No,No,No,No,Month-to-Month,No,Credit Card,20.35000038,35.09999847,0,0,4.920000076,40.02000046,Joined,Others,Others
79700-MIS,Female,53,No,Missouri,5,30,None,Yes,Yes,Yes,Fiber Optic,No,Yes,Yes,No,Yes,Yes,Yes,Yes,Month-to-Month,No,Mailed Check,107.9499969,313.6000061,0,0,142.5,456.1000061,Joined,Others,Others
21247-MAR,Male,58,Yes,Maryland,2,2,None,Yes,No,No,None,No,No,No,No,No,No,No,No,Month-to-Month,Yes,Credit Card,19.5,19.5,0,0,8.020000458,27.52000046,Joined,Others,Others
87077-MIS,Male,62,Yes,Missouri,3,21,Deal 5,Yes,No,Yes,Cable,No,No,Yes,No,Yes,Yes,Yes,Yes,Month-to-Month,No,Credit Card,69,147.8000031,0,0,54.81999969,202.6199951,Joined,Others,Others
74979-WIS,Female,49,Yes,Wisconsin,10,14,Deal 5,No,No,Yes,Cable,No,No,No,Yes,No,No,No,Yes,Month-to-Month,No,Bank Withdrawal,29.04999924,44.75,0,0,0,44.75,Joined,Others,Others
45561-VER,Female,44,Yes,Vermont,6,7,Deal 5,Yes,No,No,None,No,No,No,No,No,No,No,No,Month-to-Month,Yes,Mailed Check,20,40.90000153,0,0,86.54000092,127.4400024,Joined,Others,Others
86703-NEV,Female,54,Yes,Nevada,14,35,Deal 5,Yes,No,No,None,No,No,No,No,No,No,No,No,Month-to-Month,No,Bank Withdrawal,20.64999962,20.64999962,0,0,1.470000029,22.12000084,Joined,Others,Others
92494-NOR,Female,39,Yes,North Dakota,11,19,None,Yes,No,Yes,Fiber Optic,Yes,Yes,No,No,Yes,No,No,No,Month-to-Month,Yes,Bank Withdrawal,91.15000153,168.5,0,10,93.55999756,272.0599976,Joined,Others,Others
79427-ILL,Male,67,Yes,Illinois,12,21,Deal 5,Yes,No,Yes,Fiber Optic,No,No,No,No,No,No,No,Yes,Month-to-Month,No,Bank Withdrawal,70.09999847,141.6499939,0,0,69.98000336,211.6300049,Joined,Others,Others
26448-IOW,Female,57,No,Iowa,10,21,Deal 5,Yes,No,Yes,DSL,No,Yes,No,Yes,Yes,Yes,Yes,Yes,Month-to-Month,Yes,Bank Withdrawal,75.30000305,244.1000061,0,0,116.9700012,361.0700073,Joined,Others,Others
96430-TEX,Male,37,No,Texas,0,23,None,Yes,No,Yes,DSL,Yes,No,No,No,No,No,No,Yes,Month-to-Month,Yes,Credit Card,48.75,48.75,0,0,26.26000023,75.01000214,Joined,Others,Others
82118-WES,Female,69,Yes,West Virginia,3,6,Deal 5,No,No,Yes,Cable,No,No,No,No,No,No,No,Yes,Month-to-Month,No,Mailed Check,24.20000076,24.20000076,0,0,0,24.20000076,Joined,Others,Others
61203-VIR,Female,19,No,Virginia,11,11,None,Yes,Yes,Yes,Cable,No,No,No,Yes,Yes,No,No,Yes,Month-to-Month,No,Bank Withdrawal,64.59999847,174.1999969,0,0,122.9700012,297.1700134,Joined,Others,Others
58577-NEW,Female,44,Yes,New York,7,36,Deal 5,Yes,No,Yes,DSL,No,No,No,No,No,No,No,Yes,Month-to-Month,Yes,Credit Card,45.84999847,105.5999985,0,0,10.93999958,116.5400009,Joined,Others,Others
89303-IND,Male,51,No,Indiana,6,11,Deal 5,Yes,No,Yes,Fiber Optic,No,No,No,No,No,No,No,Yes,Month-to-Month,No,Credit Card,69.94999695,143.8999939,0,0,58.20000076,202.1000061,Joined,Others,Others
19747-MAS,Female,47,No,Massachusetts,15,19,Deal 5,Yes,No,Yes,DSL,Yes,No,No,Yes,No,Yes,Yes,No,Month-to-Month,Yes,Bank Withdrawal,64.5,177.3999939,0,60,118.6500015,356.0499878,Joined,Others,Others
93667-RHO,Female,38,No,Rhode Island,7,33,None,Yes,No,No,None,No,No,No,No,No,No,No,No,One Year,Yes,Credit Card,20.54999924,57.40000153,0,0,33.81000137,91.20999908,Joined,Others,Others
36323-ALA,Female,48,No,Alabama,14,11,None,Yes,No,No,None,No,No,No,No,No,No,No,No,One Year,No,Bank Withdrawal,20.5,38.25,0,0,62.02000046,100.2699966,Joined,Others,Others
45771-MIS,Female,50,No,Missouri,3,7,None,Yes,No,Yes,DSL,No,No,No,No,No,No,No,Yes,Month-to-Month,No,Credit Card,44.45000076,44.45000076,0,0,23.34000015,67.79000092,Joined,Others,Others
47957-MAI,Female,26,No,Maine,4,2,Deal 5,Yes,No,No,None,No,No,No,No,No,No,No,No,Month-to-Month,Yes,Credit Card,20.45000076,20.45000076,0,0,42.16999817,62.61999893,Joined,Others,Others
49201-NEW,Female,37,No,New York,11,30,None,No,No,Yes,DSL,Yes,No,No,No,No,No,No,Yes,Month-to-Month,No,Credit Card,29.89999962,29.89999962,0,0,0,29.89999962,Joined,Others,Others
23148-ARK,Female,74,Yes,Arkansas,4,9,Deal 5,Yes,No,Yes,DSL,No,No,No,No,No,No,No,Yes,Two Year,No,Bank Withdrawal,44,44,0,0,28.67000008,72.66999817,Joined,Others,Others
58044-SOU,Female,31,No,South Dakota,5,13,Deal 5,Yes,No,No,None,No,No,No,No,No,No,No,No,Month-to-Month,No,Credit Card,20.35000038,41.84999847,0,0,10.84000015,52.68999863,Joined,Others,Others
75802-SOU,Female,61,No,South Carolina,4,3,None,Yes,No,No,None,No,No,No,No,No,No,No,No,Month-to-Month,No,Credit Card,20.04999924,20.04999924,0,0,13.51000023,33.56000137,Joined,Others,Others
84770-NEW,Female,38,Yes,New Jersey,2,21,None,Yes,No,No,None,No,No,No,No,No,No,No,No,Month-to-Month,No,Mailed Check,20.14999962,20.14999962,0,0,27.59000015,47.74000168,Joined,Others,Others
75058-RHO,Female,59,No,Rhode Island,6,14,None,Yes,No,Yes,DSL,No,No,Yes,Yes,Yes,Yes,Yes,Yes,One Year,No,Credit Card,74.09999847,74.09999847,0,0,36.04999924,110.1500015,Joined,Others,Others
81169-MIN,Female,62,Yes,Minnesota,4,2,None,Yes,No,No,None,No,No,No,No,No,No,No,No,Month-to-Month,No,Bank Withdrawal,18.85000038,18.85000038,0,0,7.800000191,26.64999962,Joined,Others,Others
65580-DEL,Male,54,No,Delaware,6,2,None,Yes,No,No,None,No,No,No,No,No,No,No,No,Month-to-Month,Yes,Credit Card,19.10000038,53.04999924,0,0,48.95999908,102.0100021,Joined,Others,Others
41348-PEN,Female,64,No,Pennsylvania,14,13,None,Yes,No,Yes,Fiber Optic,No,No,No,No,Yes,No,No,Yes,Two Year,No,Credit Card,81.5,162.5500031,0,0,49.90000153,212.4499969,Joined,Others,Others
25763-ALA,Female,47,Yes,Alaska,9,3,Deal 5,Yes,No,Yes,Cable,No,No,No,No,No,No,No,Yes,Month-to-Month,No,Bank Withdrawal,44.15000153,44.15000153,0,0,9.819999695,53.97000122,Joined,Others,Others
28266-RHO,Male,32,No,Rhode Island,6,1,None,No,No,Yes,DSL,No,No,No,No,No,No,No,Yes,Month-to-Month,No,Credit Card,25.35000038,25.35000038,0,0,0,25.35000038,Joined,Others,Others
64095-CON,Male,27,No,Connecticut,2,17,None,Yes,No,No,None,No,No,No,No,No,No,No,No,One Year,Yes,Bank Withdrawal,-3,20.20000076,0,0,44.68999863,64.88999939,Joined,Others,Others
51961-DEL,Male,47,No,Delaware,9,25,Deal 5,Yes,No,Yes,DSL,Yes,No,No,No,No,No,No,Yes,Month-to-Month,No,Credit Card,50.95000076,123.0500031,0,0,73.91999817,196.9700012,Joined,Others,Others
86315-NEW,Female,54,No,New Hampshire,6,13,Deal 5,Yes,No,No,None,No,No,No,No,No,No,No,No,Month-to-Month,No,Bank Withdrawal,20.95000076,20.95000076,0,0,2.289999962,23.23999977,Joined,Others,Others
35995-MAR,Female,34,No,Maryland,3,23,None,Yes,No,No,None,No,No,No,No,No,No,No,No,Month-to-Month,No,Mailed Check,20,63.59999847,0,0,120.5999985,184.1999969,Joined,Others,Others
86369-NEW,Female,59,No,New York,1,2,Deal 5,Yes,Yes,Yes,DSL,No,Yes,No,No,No,No,No,No,Month-to-Month,No,Bank Withdrawal,54.29999924,54.29999924,0,10,34.02000046,98.31999969,Joined,Others,Others
62359-IOW,Female,48,Yes,Iowa,5,24,Deal 5,No,No,Yes,Cable,No,Yes,No,Yes,No,No,No,No,Month-to-Month,No,Credit Card,33.59999847,33.59999847,0,50,0,83.59999847,Joined,Others,Others
44208-KEN,Female,25,Yes,Kentucky,2,20,None,Yes,Yes,Yes,DSL,No,Yes,Yes,No,Yes,No,No,No,Month-to-Month,Yes,Bank Withdrawal,69.15000153,235,0,0,72.83999634,307.8399963,Joined,Others,Others
13744-ARK,Female,41,Yes,Arkansas,8,3,Deal 5,Yes,No,No,None,No,No,No,No,No,No,No,No,Month-to-Month,Yes,Bank Withdrawal,19.64999962,19.64999962,0,0,13.85000038,33.5,Joined,Others,Others
23855-MAR,Female,53,Yes,Maryland,13,9,None,Yes,No,Yes,DSL,No,No,No,No,No,No,No,Yes,Month-to-Month,No,Bank Withdrawal,44.90000153,111.0500031,0,0,10.15999985,121.2099991,Joined,Others,Others
71183-IDA,Female,39,No,Idaho,1,33,None,Yes,No,No,None,No,No,No,No,No,No,No,No,One Year,No,Credit Card,19.60000038,61.34999847,0,0,106.9499969,168.3000031,Joined,Others,Others
43297-MAI,Male,60,No,Maine,12,18,None,Yes,No,Yes,Cable,No,No,No,Yes,No,No,No,No,Month-to-Month,Yes,Credit Card,50.20000076,109.25,0,10,12.68000031,131.9299927,Joined,Others,Others
98767-IOW,Female,26,No,Iowa,14,7,None,Yes,No,No,None,No,No,No,No,No,No,No,No,Month-to-Month,No,Credit Card,20.04999924,20.04999924,0,0,11.10000038,31.14999962,Joined,Others,Others
32375-NEW,Female,23,Yes,New York,1,3,None,Yes,No,No,None,No,No,No,No,No,No,No,No,Month-to-Month,No,Mailed Check,20.89999962,20.89999962,0,0,10.21000004,31.11000061,Joined,Others,Others
42864-NOR,Female,29,No,North Carolina,2,10,Deal 5,No,No,Yes,DSL,No,Yes,No,No,No,No,No,Yes,Month-to-Month,Yes,Mailed Check,30.25,63.75,0,0,0,63.75,Joined,Others,Others
51751-NEV,Female,62,No,Nevada,9,25,None,Yes,No,Yes,Fiber Optic,No,No,No,No,No,No,No,Yes,Month-to-Month,Yes,Bank Withdrawal,70.15000153,123.8000031,0,0,67.5,191.3000031,Joined,Others,Others
76419-WAS,Male,46,Yes,Washington,14,28,None,Yes,Yes,Yes,Fiber Optic,No,No,No,No,Yes,Yes,Yes,Yes,Month-to-Month,No,Bank Withdrawal,94.90000153,273.2000122,0,0,8.909999847,282.1099854,Joined,Others,Others
99475-LOU,Male,22,Yes,Louisiana,11,11,None,Yes,No,Yes,DSL,No,Yes,No,No,No,No,No,Yes,Month-to-Month,No,Credit Card,51.54999924,106.1999969,0,0,37.22000122,143.4199982,Joined,Others,Others
55831-NEW,Male,43,No,New Mexico,11,13,Deal 5,Yes,No,No,None,No,No,No,No,No,No,No,No,Month-to-Month,No,Mailed Check,19.95000076,58.29999924,0,0,15.44999981,73.75,Joined,Others,Others
28398-ARK,Male,59,Yes,Arkansas,3,23,Deal 5,Yes,No,No,None,No,No,No,No,No,No,No,No,Month-to-Month,No,Credit Card,20,20,0,0,25.98999977,45.99000168,Joined,Others,Others
61331-WIS,Male,36,Yes,Wisconsin,2,10,Deal 5,Yes,No,Yes,DSL,Yes,No,No,No,No,No,No,Yes,Month-to-Month,Yes,Credit Card,50.75,50.75,0,0,45.77000046,96.51999664,Joined,Others,Others
83440-OHI,Male,53,No,Ohio,4,14,None,Yes,No,No,None,No,No,No,No,No,No,No,No,Month-to-Month,No,Bank Withdrawal,20,49.65000153,0,0,93.18000031,142.8300018,Joined,Others,Others
23078-NEW,Female,57,Yes,New Hampshire,3,24,None,Yes,No,No,None,No,No,No,No,No,No,No,No,Month-to-Month,Yes,Bank Withdrawal,20.29999924,20.29999924,0,0,6.639999866,26.94000053,Joined,Others,Others
53350-NEW,Male,37,Yes,New Mexico,6,22,None,Yes,Yes,Yes,Fiber Optic,No,No,No,No,No,No,No,Yes,Month-to-Month,No,Bank Withdrawal,74.5,217.4499969,0,0,20.90999985,238.3600006,Joined,Others,Others
54172-DEL,Female,64,Yes,Delaware,0,9,Deal 5,Yes,Yes,Yes,DSL,No,Yes,No,No,No,No,No,Yes,Month-to-Month,Yes,Credit Card,56.54999924,118.25,0,0,63.47999954,181.7299957,Joined,Others,Others
31476-WAS,Male,42,Yes,Washington,5,33,Deal 5,Yes,No,No,None,No,No,No,No,No,No,No,No,Month-to-Month,No,Credit Card,19.95000076,19.95000076,0,0,27.07999992,47.02999878,Joined,Others,Others
42089-VIR,Female,32,No,Virginia,2,34,Deal 5,Yes,No,No,None,No,No,No,No,No,No,No,No,Month-to-Month,No,Credit Card,20.70000076,57.5,0,0,115.2300034,172.7299957,Joined,Others,Others
75641-CAL,Male,77,No,California,9,28,None,Yes,No,Yes,Fiber Optic,No,Yes,No,No,Yes,No,No,Yes,Two Year,Yes,Bank Withdrawal,83.80000305,163.6999969,0,0,65.95999908,229.6600037,Joined,Others,Others
84577-LOU,Female,59,Yes,Louisiana,11,29,None,Yes,No,Yes,Cable,No,Yes,No,No,Yes,No,No,Yes,Month-to-Month,Yes,Bank Withdrawal,59,114.1500015,0,0,54.04000092,168.1900024,Joined,Others,Others
81763-IOW,Male,36,Yes,Iowa,7,7,None,Yes,No,Yes,Fiber Optic,Yes,No,Yes,No,No,No,No,Yes,Month-to-Month,Yes,Bank Withdrawal,80.44999695,137.1000061,0,0,70.81999969,207.9199982,Joined,Others,Others
89188-MIS,Female,26,Yes,Missouri,3,9,None,Yes,No,No,None,No,No,No,No,No,No,No,No,Month-to-Month,Yes,Mailed Check,20.54999924,33.59999847,0,0,33.40000153,67,Joined,Others,Others
55757-MIS,Female,32,Yes,Missouri,2,9,Deal 5,Yes,No,Yes,Cable,No,No,Yes,Yes,No,No,No,Yes,Month-to-Month,Yes,Mailed Check,55.79999924,154.5500031,0,0,12.56999969,167.1199951,Joined,Others,Others
85428-WIS,Female,62,Yes,Wisconsin,11,18,None,Yes,No,No,None,No,No,No,No,No,No,No,No,Month-to-Month,No,Credit Card,20.10000038,39.79999924,0,0,71,110.8000031,Joined,Others,Others
29093-KAN,Male,57,Yes,Kansas,6,6,None,Yes,No,No,None,No,No,No,No,No,No,No,No,Month-to-Month,Yes,Mailed Check,20.45000076,20.45000076,0,0,11.60999966,32.06000137,Joined,Others,Others
83817-IOW,Male,48,No,Iowa,8,18,None,Yes,No,No,None,No,No,No,No,No,No,No,No,Month-to-Month,Yes,Mailed Check,21.04999924,21.04999924,0,0,10.14000034,31.19000053,Joined,Others,Others
38452-RHO,Female,34,No,Rhode Island,6,14,Deal 5,Yes,No,Yes,DSL,Yes,No,No,No,No,No,No,Yes,Month-to-Month,No,Bank Withdrawal,47.95000076,47.95000076,0,0,46.22999954,94.18000031,Joined,Others,Others
88215-MAI,Female,19,No,Maine,5,10,Deal 5,Yes,Yes,Yes,DSL,No,No,No,No,No,No,No,Yes,Month-to-Month,Yes,Bank Withdrawal,50.04999924,50.04999924,0,0,43.04999924,93.09999847,Joined,Others,Others
16244-TEX,Female,19,Yes,Texas,5,7,None,Yes,No,No,None,No,No,No,No,No,No,No,No,Month-to-Month,No,Credit Card,19.54999924,19.54999924,0,0,5.099999905,24.64999962,Joined,Others,Others
44693-OKL,Female,53,No,Oklahoma,11,27,None,Yes,No,No,None,No,No,No,No,No,No,No,No,One Year,No,Credit Card,20.29999924,31.89999962,0,0,70.83999634,102.7399979,Joined,Others,Others
51214-PEN,Male,28,No,Pennsylvania,12,22,None,Yes,No,Yes,Fiber Optic,No,No,Yes,No,No,No,No,No,Month-to-Month,Yes,Credit Card,73.59999847,232.5,0,10,82.01999664,324.519989,Joined,Others,Others
82718-ILL,Male,32,Yes,Illinois,12,7,None,Yes,No,No,None,No,No,No,No,No,No,No,No,Month-to-Month,No,Bank Withdrawal,20.70000076,20.70000076,0,0,45.86000061,66.55999756,Joined,Others,Others
89154-HAW,Female,47,No,Hawaii,5,3,Deal 5,Yes,No,Yes,Cable,No,Yes,No,No,No,No,No,Yes,Month-to-Month,No,Credit Card,49.20000076,103.6999969,0,0,58.56000137,162.2599945,Joined,Others,Others
28782-CAL,Male,58,Yes,California,8,7,Deal 5,Yes,No,Yes,DSL,No,No,No,No,No,No,No,Yes,Month-to-Month,Yes,Mailed Check,44.95000076,44.95000076,0,0,13.63000011,58.58000183,Joined,Others,Others
49265-WAS,Female,18,Yes,Washington,4,4,Deal 5,Yes,No,Yes,Cable,Yes,No,Yes,No,No,No,Yes,Yes,Month-to-Month,No,Credit Card,55.90000153,157.5500031,0,0,99.83999634,257.3900146,Joined,Others,Others
71234-COL,Female,44,No,Colorado,10,34,None,Yes,No,No,None,No,No,No,No,No,No,No,No,Month-to-Month,Yes,Credit Card,19.39999962,19.39999962,0,0,23.96999931,43.36999893,Joined,Others,Others
15803-WYO,Female,34,No,Wyoming,6,31,None,Yes,No,No,None,No,No,No,No,No,No,No,No,Month-to-Month,No,Credit Card,19.14999962,19.14999962,0,0,22.37000084,41.52000046,Joined,Others,Others
41427-OHI,Male,37,No,Ohio,13,13,Deal 5,Yes,No,No,None,No,No,No,No,No,No,No,No,Month-to-Month,No,Bank Withdrawal,20.20000076,20.20000076,0,0,24.47999954,44.68000031,Joined,Others,Others
31294-MIN,Male,50,Yes,Minnesota,15,33,Deal 5,Yes,No,Yes,DSL,Yes,No,No,No,No,No,No,Yes,Month-to-Month,No,Bank Withdrawal,49.75,49.75,0,0,41.79000092,91.54000092,Joined,Others,Others
33621-WYO,Female,42,No,Wyoming,13,12,Deal 5,Yes,No,Yes,Fiber Optic,No,No,No,No,No,No,No,No,Month-to-Month,Yes,Bank Withdrawal,70.34999847,120.25,0,20,15.39999962,155.6499939,Joined,Others,Others
99144-TEX,Female,41,No,Texas,9,20,None,Yes,No,No,None,No,No,No,No,No,No,No,No,Month-to-Month,Yes,Credit Card,19.64999962,68.34999847,0,0,106.7699966,175.1199951,Joined,Others,Others
92228-NOR,Female,22,Yes,North Dakota,10,9,None,No,No,Yes,Cable,No,No,No,No,No,No,No,Yes,Month-to-Month,Yes,Credit Card,25.14999962,25.14999962,0,0,0,25.14999962,Joined,Others,Others
18027-CON,Female,58,Yes,Connecticut,15,30,Deal 5,Yes,No,No,None,No,No,No,No,No,No,No,No,Month-to-Month,Yes,Credit Card,19.89999962,33.70000076,0,0,7.639999866,41.34000015,Joined,Others,Others
85027-MAR,Male,57,No,Maryland,14,27,Deal 5,Yes,No,No,None,No,No,No,No,No,No,No,No,Month-to-Month,Yes,Credit Card,19.75,19.75,0,0,1.610000014,21.36000061,Joined,Others,Others
52641-HAW,Female,44,Yes,Hawaii,7,29,None,Yes,No,Yes,Fiber Optic,No,No,No,No,No,No,No,Yes,Month-to-Month,No,Mailed Check,71.09999847,71.09999847,0,0,37.50999832,108.6100006,Joined,Others,Others
68556-DEL,Male,68,No,Delaware,4,23,None,Yes,No,No,None,No,No,No,No,No,No,No,No,Month-to-Month,No,Credit Card,20.20000076,20.20000076,0,0,13.07999992,33.27999878,Joined,Others,Others
19898-TEN,Male,31,Yes,Tennessee,3,30,Deal 5,Yes,No,No,None,No,No,No,No,No,No,No,No,Month-to-Month,No,Credit Card,19.45000076,19.45000076,0,0,29.14999962,48.59999847,Joined,Others,Others
39332-TEX,Female,44,Yes,Texas,6,8,None,Yes,No,Yes,Fiber Optic,No,No,No,No,Yes,No,No,No,Month-to-Month,Yes,Bank Withdrawal,80.55000305,80.55000305,0,60,5.929999828,146.4799957,Joined,Others,Others
49304-MAI,Female,32,Yes,Maine,6,33,None,Yes,Yes,Yes,DSL,No,No,No,No,No,No,No,Yes,Month-to-Month,Yes,Credit Card,49.79999924,49.79999924,0,0,3.970000029,53.77000046,Joined,Others,Others
31129-MAS,Male,68,No,Massachusetts,15,15,None,Yes,No,Yes,Fiber Optic,No,No,No,No,No,No,No,No,Month-to-Month,Yes,Bank Withdrawal,70.34999847,70.34999847,0,10,14.42000008,94.76999664,Joined,Others,Others
37131-MIN,Male,52,No,Minnesota,6,2,None,Yes,No,Yes,Fiber Optic,No,No,No,No,Yes,Yes,Yes,Yes,Month-to-Month,Yes,Bank Withdrawal,89.25,89.25,0,0,16.63999939,105.8899994,Joined,Others,Others
17597-WES,Female,33,Yes,West Virginia,2,6,Deal 5,No,No,Yes,DSL,No,Yes,No,No,No,No,No,Yes,Month-to-Month,Yes,Bank Withdrawal,29.85000038,29.85000038,0,0,0,29.85000038,Joined,Others,Others
13946-KEN,Female,41,Yes,Kentucky,1,3,Deal 5,Yes,No,No,None,No,No,No,No,No,No,No,No,Month-to-Month,No,Credit Card,19.64999962,19.64999962,0,0,23.67000008,43.31999969,Joined,Others,Others
38577-CAL,Female,30,Yes,California,6,36,None,Yes,No,Yes,DSL,No,No,No,No,No,No,No,Yes,Month-to-Month,Yes,Bank Withdrawal,44.5,90.05000305,0,0,61.74000168,151.7899933,Joined,Others,Others
53449-KEN,Female,52,No,Kentucky,8,17,None,Yes,No,No,None,No,No,No,No,No,No,No,No,Month-to-Month,No,Credit Card,19.89999962,19.89999962,0,0,2.380000114,22.28000069,Joined,Others,Others
61025-CON,Female,45,No,Connecticut,4,16,Deal 5,Yes,No,Yes,DSL,No,No,Yes,No,No,No,No,Yes,Month-to-Month,Yes,Bank Withdrawal,49.84999847,49.84999847,0,0,42.54999924,92.40000153,Joined,Others,Others
41500-NOR,Male,31,No,North Dakota,1,31,Deal 5,Yes,No,No,None,No,No,No,No,No,No,No,No,Month-to-Month,No,Credit Card,19.85000038,51.59999847,0,0,54.93999863,106.5400009,Joined,Others,Others
41196-MAS,Female,29,Yes,Massachusetts,11,10,Deal 5,Yes,No,Yes,DSL,No,No,No,No,No,No,No,No,Month-to-Month,Yes,Bank Withdrawal,45,45,0,10,40.63000107,95.62999725,Joined,Others,Others
71197-SOU,Female,38,No,South Dakota,0,33,Deal 5,Yes,No,Yes,Cable,Yes,No,Yes,No,Yes,Yes,Yes,Yes,Month-to-Month,Yes,Bank Withdrawal,77.40000153,206.1499939,0,0,133.2599945,339.4100037,Joined,Others,Others
99862-MIS,Female,30,No,Mississippi,12,9,Deal 5,Yes,No,Yes,Fiber Optic,No,No,No,Yes,No,No,No,Yes,Month-to-Month,No,Bank Withdrawal,74,74,0,0,23.70000076,97.69999695,Joined,Others,Others
81098-MAR,Male,31,Yes,Maryland,13,11,None,Yes,No,Yes,DSL,Yes,No,No,No,No,No,No,Yes,Month-to-Month,No,Credit Card,51.25,51.25,0,0,39.29999924,90.55000305,Joined,Others,Others
41235-NEW,Female,37,No,New Jersey,8,10,Deal 5,Yes,No,Yes,DSL,No,No,No,No,No,No,No,Yes,Month-to-Month,Yes,Bank Withdrawal,44.79999924,44.79999924,0,0,27.45999908,72.26000214,Joined,Others,Others
81235-NOR,Female,42,Yes,North Carolina,9,32,Deal 5,Yes,No,Yes,DSL,No,No,No,No,No,No,No,Yes,Month-to-Month,Yes,Credit Card,44.90000153,44.90000153,0,0,15.76000023,60.65999985,Joined,Others,Others
34169-MIS,Male,51,Yes,Mississippi,14,30,Deal 5,Yes,Yes,No,None,No,No,No,No,No,No,No,No,Month-to-Month,No,Credit Card,24.85000038,62,0,0,80.5,142.5,Joined,Others,Others
89804-NEW,Male,34,No,New York,4,31,Deal 5,Yes,No,No,None,No,No,No,No,No,No,No,No,Month-to-Month,No,Credit Card,19.39999962,50.59999847,0,0,30.31999969,80.91999817,Joined,Others,Others
74978-ARK,Female,28,Yes,Arkansas,1,21,None,Yes,No,No,None,No,No,No,No,No,No,No,No,Month-to-Month,No,Bank Withdrawal,19.75,19.75,0,0,30.37999916,50.13000107,Joined,Others,Others
99996-WIS,Male,22,Yes,Wisconsin,2,8,Deal 5,Yes,No,Yes,DSL,Yes,Yes,No,No,No,No,Yes,Yes,Month-to-Month,Yes,Credit Card,53.54999924,53.54999924,0,0,16.05999947,69.61000061,Joined,Others,Others
21065-IND,Male,27,No,Indiana,5,10,None,Yes,No,No,None,No,No,No,No,No,No,No,No,Month-to-Month,No,Credit Card,20.29999924,20.29999924,0,0,10.84000015,31.13999939,Joined,Others,Others
56728-SOU,Male,40,No,South Carolina,0,1,None,Yes,No,Yes,DSL,No,No,No,No,No,No,No,Yes,Month-to-Month,No,Credit Card,45.59999847,45.59999847,0,0,37.43999863,83.04000092,Joined,Others,Others
47624-NEW,Female,62,Yes,New Jersey,7,29,None,Yes,No,Yes,DSL,No,No,No,No,No,Yes,Yes,Yes,Month-to-Month,No,Mailed Check,-5,189.1000061,0,0,100.5899963,289.6900024,Joined,Others,Others
95053-NEW,Female,32,No,New Jersey,15,2,None,Yes,Yes,No,None,No,No,No,No,No,No,No,No,Month-to-Month,No,Credit Card,24.60000038,86.34999847,0,0,78.98999786,165.3399963,Joined,Others,Others
67941-KAN,Female,46,No,Kansas,9,13,Deal 5,Yes,Yes,Yes,DSL,No,Yes,No,No,No,No,No,No,Month-to-Month,No,Credit Card,54.15000153,101.6500015,0,10,42.59999847,154.25,Joined,Others,Others
82965-NEW,Female,38,No,New York,8,20,None,Yes,No,Yes,Cable,No,No,No,No,No,No,No,No,Month-to-Month,No,Credit Card,44.75,148.0500031,0,10,104.6699982,262.7200012,Joined,Others,Others
58848-MIS,Male,58,Yes,Mississippi,14,18,None,Yes,No,Yes,Cable,Yes,No,No,No,No,No,No,Yes,Month-to-Month,Yes,Credit Card,49.79999924,49.79999924,0,0,38.20999908,88.01000214,Joined,Others,Others
33565-SOU,Male,72,Yes,South Carolina,7,29,None,Yes,Yes,Yes,Fiber Optic,No,No,No,No,No,No,No,Yes,Two Year,No,Bank Withdrawal,74.30000305,74.30000305,0,0,17.84000015,92.13999939,Joined,Others,Others
77678-CAL,Female,41,Yes,California,1,29,None,Yes,No,Yes,DSL,Yes,No,No,No,No,No,No,Yes,Month-to-Month,No,Bank Withdrawal,49.54999924,49.54999924,0,0,10.82999992,60.38000107,Joined,Others,Others
78021-SOU,Female,45,Yes,South Dakota,12,35,Deal 5,Yes,Yes,No,None,No,No,No,No,No,No,No,No,Month-to-Month,Yes,Credit Card,25,25,0,0,3.390000105,28.38999939,Joined,Others,Others
29371-IDA,Female,23,No,Idaho,14,9,Deal 5,Yes,No,Yes,DSL,No,No,No,No,No,Yes,Yes,Yes,Month-to-Month,Yes,Bank Withdrawal,55.29999924,108.6500015,0,0,87.86000061,196.5099945,Joined,Others,Others
88728-NEW,Female,42,No,New Hampshire,12,9,None,Yes,No,No,None,No,No,No,No,No,No,No,No,One Year,No,Credit Card,21.20000076,52.04999924,0,0,36.15000153,88.19999695,Joined,Others,Others
31412-KEN,Female,81,Yes,Kentucky,14,29,None,Yes,No,No,None,No,No,No,No,No,No,No,No,Two Year,No,Bank Withdrawal,19.20000076,37.20000076,0,0,14.06000042,51.25999832,Joined,Others,Others
54997-VIR,Female,55,No,Virginia,7,23,None,Yes,No,Yes,DSL,No,No,No,No,No,No,No,Yes,Month-to-Month,Yes,Credit Card,44,44,0,0,26.14999962,70.15000153,Joined,Others,Others
